Godot Engine v4.7.1.stable.official.a13da4feb - https://godotengine.org

[INF][Balance] loaded 10 balance tables
[INF][Registry] registry: 8 characters, 39 games, 34 arenas, 22 powerups
[INF][Platform] platform: desktop, mobile=false, safe=[P: (0, 0), S: (0, 0)]

KRAS PASS test suite — Godot 4.7.1-stable (official), macOS

── release version consistency ─────────────────────────────────

── local vehicle views ─────────────────────────────────────────
VEHICLE_VIEW game=tank_arena humans=2 window=(540, 960) logical_view=(720.0, 1280.0) slot=0 panel=(358.0, 634.0) actor=[P: (123.3192, 275.4221), S: (111.3615, 141.3263)]
VEHICLE_VIEW game=tank_arena humans=2 window=(540, 960) logical_view=(720.0, 1280.0) slot=1 panel=(358.0, 634.0) actor=[P: (123.3193, 275.4221), S: (111.3615, 141.3263)]
VEHICLE_LABEL slot=0 rect=[P: (8.0, 4.0), S: (342.0, 43.0)] panel=(358.0, 634.0)
VEHICLE_LABEL slot=1 rect=[P: (8.0, 4.0), S: (342.0, 43.0)] panel=(358.0, 634.0)
VEHICLE_VIEW game=tank_arena humans=2 window=(1280, 720) logical_view=(1920.0, 1080.0) slot=0 panel=(958.0, 544.0) actor=[P: (394.3901, 208.8201), S: (169.2197, 214.7528)]
VEHICLE_VIEW game=tank_arena humans=2 window=(1280, 720) logical_view=(1920.0, 1080.0) slot=1 panel=(958.0, 544.0) actor=[P: (394.3901, 208.8201), S: (169.2197, 214.7528)]
VEHICLE_LABEL slot=0 rect=[P: (8.0, 4.0), S: (942.0, 43.0)] panel=(958.0, 544.0)
VEHICLE_LABEL slot=1 rect=[P: (8.0, 4.0), S: (942.0, 43.0)] panel=(958.0, 544.0)
VEHICLE_VIEW game=tank_arena humans=3 window=(540, 960) logical_view=(720.0, 1280.0) slot=0 panel=(358.0, 238.2) actor=[P: (141.9832, 91.35882), S: (74.03363, 93.95435)]
VEHICLE_VIEW game=tank_arena humans=3 window=(540, 960) logical_view=(720.0, 1280.0) slot=1 panel=(358.0, 238.2) actor=[P: (141.9832, 91.35882), S: (74.03363, 93.95435)]
VEHICLE_VIEW game=tank_arena humans=3 window=(540, 960) logical_view=(720.0, 1280.0) slot=2 panel=(720.0, 238.2) actor=[P: (322.9832, 91.35882), S: (74.03363, 93.95435)]
VEHICLE_LABEL slot=0 rect=[P: (8.0, 4.0), S: (342.0, 43.0)] panel=(358.0, 238.2)
VEHICLE_LABEL slot=1 rect=[P: (8.0, 4.0), S: (342.0, 43.0)] panel=(358.0, 238.2)
VEHICLE_LABEL slot=2 rect=[P: (8.0, 4.0), S: (704.0, 43.0)] panel=(720.0, 238.2)
VEHICLE_VIEW game=tank_arena humans=3 window=(1280, 720) logical_view=(1920.0, 1080.0) slot=0 panel=(958.0, 270.0) actor=[P: (437.0061, 103.6424), S: (83.98776, 106.5869)]
VEHICLE_VIEW game=tank_arena humans=3 window=(1280, 720) logical_view=(1920.0, 1080.0) slot=1 panel=(958.0, 270.0) actor=[P: (437.0061, 103.6424), S: (83.9877, 106.5869)]
VEHICLE_VIEW game=tank_arena humans=3 window=(1280, 720) logical_view=(1920.0, 1080.0) slot=2 panel=(1920.0, 270.0) actor=[P: (918.0062, 103.6424), S: (83.98773, 106.5869)]
VEHICLE_LABEL slot=0 rect=[P: (8.0, 4.0), S: (942.0, 43.0)] panel=(958.0, 270.0)
VEHICLE_LABEL slot=1 rect=[P: (8.0, 4.0), S: (942.0, 43.0)] panel=(958.0, 270.0)
VEHICLE_LABEL slot=2 rect=[P: (8.0, 4.0), S: (1904.0, 43.0)] panel=(1920.0, 270.0)
VEHICLE_VIEW game=tank_arena humans=4 window=(540, 960) logical_view=(720.0, 1280.0) slot=0 panel=(358.0, 238.2) actor=[P: (141.9831, 91.35882), S: (74.03387, 93.95435)]
VEHICLE_VIEW game=tank_arena humans=4 window=(540, 960) logical_view=(720.0, 1280.0) slot=1 panel=(358.0, 238.2) actor=[P: (141.9832, 91.35882), S: (74.0336, 93.95435)]
VEHICLE_VIEW game=tank_arena humans=4 window=(540, 960) logical_view=(720.0, 1280.0) slot=2 panel=(358.0, 238.2) actor=[P: (141.9832, 91.35882), S: (74.03365, 93.95435)]
VEHICLE_VIEW game=tank_arena humans=4 window=(540, 960) logical_view=(720.0, 1280.0) slot=3 panel=(358.0, 238.2) actor=[P: (141.9832, 91.35882), S: (74.0336, 93.95435)]
VEHICLE_LABEL slot=0 rect=[P: (8.0, 4.0), S: (342.0, 43.0)] panel=(358.0, 238.2)
VEHICLE_LABEL slot=1 rect=[P: (8.0, 4.0), S: (342.0, 43.0)] panel=(358.0, 238.2)
VEHICLE_LABEL slot=2 rect=[P: (8.0, 4.0), S: (342.0, 43.0)] panel=(358.0, 238.2)
VEHICLE_LABEL slot=3 rect=[P: (8.0, 4.0), S: (342.0, 43.0)] panel=(358.0, 238.2)
VEHICLE_VIEW game=tank_arena humans=4 window=(1280, 720) logical_view=(1920.0, 1080.0) slot=0 panel=(958.0, 270.0) actor=[P: (437.006, 103.6424), S: (83.98804, 106.5869)]
VEHICLE_VIEW game=tank_arena humans=4 window=(1280, 720) logical_view=(1920.0, 1080.0) slot=1 panel=(958.0, 270.0) actor=[P: (437.0061, 103.6424), S: (83.9877, 106.5869)]
VEHICLE_VIEW game=tank_arena humans=4 window=(1280, 720) logical_view=(1920.0, 1080.0) slot=2 panel=(958.0, 270.0) actor=[P: (437.0061, 103.6424), S: (83.98776, 106.5869)]
VEHICLE_VIEW game=tank_arena humans=4 window=(1280, 720) logical_view=(1920.0, 1080.0) slot=3 panel=(958.0, 270.0) actor=[P: (437.0061, 103.6424), S: (83.9877, 106.5869)]
VEHICLE_LABEL slot=0 rect=[P: (8.0, 4.0), S: (942.0, 43.0)] panel=(958.0, 270.0)
VEHICLE_LABEL slot=1 rect=[P: (8.0, 4.0), S: (942.0, 43.0)] panel=(958.0, 270.0)
VEHICLE_LABEL slot=2 rect=[P: (8.0, 4.0), S: (942.0, 43.0)] panel=(958.0, 270.0)
VEHICLE_LABEL slot=3 rect=[P: (8.0, 4.0), S: (942.0, 43.0)] panel=(958.0, 270.0)
VEHICLE_VIEW game=sabaq_sawarikh humans=2 window=(540, 960) logical_view=(720.0, 1280.0) slot=0 panel=(358.0, 616.0) actor=[P: (141.3611, 268.252), S: (103.2753, 127.3607)]
VEHICLE_VIEW game=sabaq_sawarikh humans=2 window=(540, 960) logical_view=(720.0, 1280.0) slot=1 panel=(358.0, 616.0) actor=[P: (139.997, 267.6769), S: (103.6445, 130.7344)]
VEHICLE_LABEL slot=0 rect=[P: (8.0, 4.0), S: (342.0, 43.0)] panel=(358.0, 616.0)
VEHICLE_LABEL slot=1 rect=[P: (8.0, 4.0), S: (342.0, 43.0)] panel=(358.0, 616.0)
VEHICLE_VIEW game=sabaq_sawarikh humans=2 window=(1280, 720) logical_view=(1920.0, 1080.0) slot=0 panel=(958.0, 568.0) actor=[P: (386.7612, 211.3219), S: (195.5126, 244.7099)]
VEHICLE_VIEW game=sabaq_sawarikh humans=2 window=(1280, 720) logical_view=(1920.0, 1080.0) slot=1 panel=(958.0, 568.0) actor=[P: (385.2789, 211.2061), S: (196.348, 245.458)]
VEHICLE_LABEL slot=0 rect=[P: (8.0, 4.0), S: (942.0, 43.0)] panel=(958.0, 568.0)
VEHICLE_LABEL slot=1 rect=[P: (8.0, 4.0), S: (942.0, 43.0)] panel=(958.0, 568.0)
VEHICLE_VIEW game=sabaq_sawarikh humans=3 window=(540, 960) logical_view=(720.0, 1280.0) slot=0 panel=(358.0, 229.2) actor=[P: (154.9237, 89.07462), S: (66.06161, 81.46814)]
VEHICLE_VIEW game=sabaq_sawarikh humans=3 window=(540, 960) logical_view=(720.0, 1280.0) slot=1 panel=(358.0, 229.2) actor=[P: (154.0511, 88.70676), S: (66.29774, 83.62621)]
VEHICLE_VIEW game=sabaq_sawarikh humans=3 window=(540, 960) logical_view=(720.0, 1280.0) slot=2 panel=(720.0, 229.2) actor=[P: (335.812, 89.06851), S: (65.76981, 81.58786)]
VEHICLE_LABEL slot=0 rect=[P: (8.0, 4.0), S: (342.0, 43.0)] panel=(358.0, 229.2)
VEHICLE_LABEL slot=1 rect=[P: (8.0, 4.0), S: (342.0, 43.0)] panel=(358.0, 229.2)
VEHICLE_LABEL slot=2 rect=[P: (8.0, 4.0), S: (704.0, 43.0)] panel=(720.0, 229.2)
VEHICLE_VIEW game=sabaq_sawarikh humans=3 window=(1280, 720) logical_view=(1920.0, 1080.0) slot=0 panel=(958.0, 282.0) actor=[P: (433.2054, 104.9169), S: (97.06787, 121.4933)]
VEHICLE_VIEW game=sabaq_sawarikh humans=3 window=(1280, 720) logical_view=(1920.0, 1080.0) slot=1 panel=(958.0, 282.0) actor=[P: (432.4695, 104.8594), S: (97.48264, 121.8647)]
VEHICLE_VIEW game=sabaq_sawarikh humans=3 window=(1280, 720) logical_view=(1920.0, 1080.0) slot=2 panel=(1920.0, 282.0) actor=[P: (914.0413, 104.9212), S: (97.10071, 121.4842)]
VEHICLE_LABEL slot=0 rect=[P: (8.0, 4.0), S: (942.0, 43.0)] panel=(958.0, 282.0)
VEHICLE_LABEL slot=1 rect=[P: (8.0, 4.0), S: (942.0, 43.0)] panel=(958.0, 282.0)
VEHICLE_LABEL slot=2 rect=[P: (8.0, 4.0), S: (1904.0, 43.0)] panel=(1920.0, 282.0)
VEHICLE_VIEW game=sabaq_sawarikh humans=4 window=(540, 960) logical_view=(720.0, 1280.0) slot=0 panel=(358.0, 229.2) actor=[P: (109.8768, 84.54317), S: (103.9165, 110.1307)]
VEHICLE_VIEW game=sabaq_sawarikh humans=4 window=(540, 960) logical_view=(720.0, 1280.0) slot=1 panel=(358.0, 229.2) actor=[P: (131.3125, 89.25998), S: (71.36827, 70.9919)]
VEHICLE_VIEW game=sabaq_sawarikh humans=4 window=(540, 960) logical_view=(720.0, 1280.0) slot=2 panel=(358.0, 229.2) actor=[P: (120.6515, 88.53149), S: (82.82533, 81.83723)]
VEHICLE_VIEW game=sabaq_sawarikh humans=4 window=(540, 960) logical_view=(720.0, 1280.0) slot=3 panel=(358.0, 229.2) actor=[P: (97.96107, 71.46526), S: (84.27979, 82.67426)]
VEHICLE_LABEL slot=0 rect=[P: (8.0, 4.0), S: (342.0, 43.0)] panel=(358.0, 229.2)
VEHICLE_LABEL slot=1 rect=[P: (8.0, 4.0), S: (342.0, 43.0)] panel=(358.0, 229.2)
VEHICLE_LABEL slot=2 rect=[P: (8.0, 4.0), S: (342.0, 43.0)] panel=(358.0, 229.2)
VEHICLE_LABEL slot=3 rect=[P: (8.0, 4.0), S: (342.0, 43.0)] panel=(358.0, 229.2)
VEHICLE_VIEW game=sabaq_sawarikh humans=4 window=(1280, 720) logical_view=(1920.0, 1080.0) slot=0 panel=(958.0, 282.0) actor=[P: (407.8594, 102.2088), S: (136.0986, 140.5658)]
VEHICLE_VIEW game=sabaq_sawarikh humans=4 window=(1280, 720) logical_view=(1920.0, 1080.0) slot=1 panel=(958.0, 282.0) actor=[P: (411.7247, 102.4547), S: (125.8312, 129.8294)]
VEHICLE_VIEW game=sabaq_sawarikh humans=4 window=(1280, 720) logical_view=(1920.0, 1080.0) slot=2 panel=(958.0, 282.0) actor=[P: (406.831, 103.7619), S: (135.0222, 136.1885)]
VEHICLE_VIEW game=sabaq_sawarikh humans=4 window=(1280, 720) logical_view=(1920.0, 1080.0) slot=3 panel=(958.0, 282.0) actor=[P: (387.4409, 96.48799), S: (157.5742, 167.6595)]
VEHICLE_LABEL slot=0 rect=[P: (8.0, 4.0), S: (942.0, 43.0)] panel=(958.0, 282.0)
VEHICLE_LABEL slot=1 rect=[P: (8.0, 4.0), S: (942.0, 43.0)] panel=(958.0, 282.0)
VEHICLE_LABEL slot=2 rect=[P: (8.0, 4.0), S: (942.0, 43.0)] panel=(958.0, 282.0)
VEHICLE_LABEL slot=3 rect=[P: (8.0, 4.0), S: (942.0, 43.0)] panel=(958.0, 282.0)

── shared pickup first observation delay ───────────────────────

── courier public cargo reaction ───────────────────────────────

── tank weapon crate reaction and visible positions ────────────

── driver backoff engagement memory ────────────────────────────

── AI dash safety uses actual vehicle heading ──────────────────

── survival winner contract ────────────────────────────────────

── meaningful AI leader targeting ──────────────────────────────

── AI one-shot action requests ─────────────────────────────────

── tide ordinary jump access ───────────────────────────────────

── climber delayed ground knowledge ────────────────────────────

── Round announcement fit ──────────────────────────────────────

── HUD complete player names ───────────────────────────────────

── Siege HUD text fit ──────────────────────────────────────────

── siege rendered base perception ──────────────────────────────
TEST_START: siege rendered base perception / tier 0 visible crystal and delayed HUD health
TEST_START: siege rendered base perception / tier 1 visible crystal and delayed HUD health
TEST_START: siege rendered base perception / tier 2 visible crystal and delayed HUD health
TEST_START: siege rendered base perception / tier 3 visible crystal and delayed HUD health

── rendered hover machine perception ───────────────────────────
TEST_START: rendered hover machine perception / tier 0 rendered warning, drop and mark
TEST_START: rendered hover machine perception / tier 1 rendered warning, drop and mark
TEST_START: rendered hover machine perception / tier 2 rendered warning, drop and mark
TEST_START: rendered hover machine perception / tier 3 rendered warning, drop and mark

── first rival observation delay ───────────────────────────────
TEST_START: first rival observation delay / tier 0 first acquisition and restart
TEST_START: first rival observation delay / tier 1 first acquisition and restart
TEST_START: first rival observation delay / tier 2 first acquisition and restart
TEST_START: first rival observation delay / tier 3 first acquisition and restart

── zone visible delayed movement ───────────────────────────────

── scrub warning observation and reaction ──────────────────────

── AI rendered tile targets ────────────────────────────────────

── HUD value text fit ──────────────────────────────────────────

── tank radar HUD clearance ────────────────────────────────────

── crater route progress ───────────────────────────────────────

── effective character movement and combat budget ──────────────

── dodger own jump timing ──────────────────────────────────────

── platform visible ground routing ─────────────────────────────

── sweeper visible physical bounds ─────────────────────────────

── dodger actual arm visibility ────────────────────────────────

── storm public warning reaction ───────────────────────────────
TEST_START: storm public warning reaction / difficulty 0 public cue lifecycle
TEST_START: storm public warning reaction / difficulty 1 public cue lifecycle
TEST_START: storm public warning reaction / difficulty 2 public cue lifecycle
TEST_START: storm public warning reaction / difficulty 3 public cue lifecycle

── storm incoming defense ──────────────────────────────────────

── bounded debug operation tracing ─────────────────────────────

── shared immutable sphere geometry ────────────────────────────

── offscreen player cues ───────────────────────────────────────
TEST_START: offscreen player cues / projection 0 visible and behind points
TEST_START: offscreen player cues / projection 1 visible and behind points

── keeper contact plane ────────────────────────────────────────
TEST_START: keeper contact plane / oblique shot uses the actual contact plane on side 0
TEST_START: keeper contact plane / oblique shot uses the actual contact plane on side 1
TEST_START: keeper contact plane / oblique shot uses the actual contact plane on side 2
TEST_START: keeper contact plane / oblique shot uses the actual contact plane on side 3
TEST_START: keeper contact plane / keeper prioritizes observed arrival on side 0
TEST_START: keeper contact plane / keeper prioritizes observed arrival on side 1
TEST_START: keeper contact plane / keeper prioritizes observed arrival on side 2
TEST_START: keeper contact plane / keeper prioritizes observed arrival on side 3

── collectible arbitration ─────────────────────────────────────
TEST_START: collectible arbitration / closest collector does not depend on overlap insertion order
TEST_START: collectible arbitration / game eligibility is evaluated before overlap arbitration
TEST_START: collectible arbitration / dead bodies and dropped-loot grace remain excluded
TEST_START: collectible arbitration / seeded exact ties are reproducible independent of body order
TEST_START: collectible arbitration / real relay overlap does not emit rejected pickups every tick
TEST_START: collectible arbitration / crate_smash simultaneous crate swings
TEST_START: collectible arbitration / lab_crates simultaneous crate swings

── world camera boundary ───────────────────────────────────────
TEST_START: world camera boundary / valid square corner remains the follow subject
TEST_START: world camera boundary / falling driver does not take the view away from survivors
TEST_START: world camera boundary / all falling subjects remain bounded by the authored square
TEST_START: world camera boundary / colossus rear spawn remains visible
TEST_START: world camera boundary / portrait arena uses vertical play space without cropping the rim

── Balance evidence source policy ──────────────────────────────

── balance simulator policy ────────────────────────────────────
TEST_START: balance simulator policy / boss completion is not inferred from score or duration
  ✗  / : suite returned without executing assertions
  ✗  / : suite returned without executing assertions

── Online tournament rotation menu ─────────────────────────────

── Network protocol compatibility ──────────────────────────────

── Network incompatible version recovery ───────────────────────
WARNING: [WRN][Net] online transport lost: protocol_mismatch
     at: push_warning (core/variant/variant_utility.cpp:1033)
     GDScript backtrace (most recent call first):
         [0] _write (res://src/core/logger.gd:75)
         [1] w (res://src/core/logger.gd:34)
         [2] _transport_lost (res://src/net/net_service.gd:482)
         [3] _protocol_terminal_state (res://tests/suites/test_network.gd:126)
         [4] run (res://tests/suites/test_network.gd:46)
         [5] _rotation_menu (res://tests/suites/test_network.gd:198)

── Active online match incompatible version recovery ───────────
[DBG][Router] screen -> match
WARNING: [WRN][Net] online transport lost: protocol_mismatch
     at: push_warning (core/variant/variant_utility.cpp:1033)
     GDScript backtrace (most recent call first):
         [0] _write (res://src/core/logger.gd:75)
         [1] w (res://src/core/logger.gd:34)
         [2] _transport_lost (res://src/net/net_service.gd:482)
         [3] _active_protocol_recovery (res://tests/suites/test_network.gd:305)
[DBG][Router] screen -> online
[DBG][Router] screen -> local_play
[DBG][Router] screen -> main_menu
[DBG][Router] screen -> match
[DBG][Router] screen -> online
[DBG][Router] screen -> local_play
[DBG][Router] screen -> main_menu

── Network endpoint policy ─────────────────────────────────────

── Network input edges ─────────────────────────────────────────
TEST_START: Network input edges / a press and release received before a host tick remain distinct
TEST_START: Network input edges / guest physics publishes a one-tick press between movement samples

── Network bounded input buffering ─────────────────────────────
TEST_START: Network bounded input buffering / every action retains its press and release exactly once
TEST_START: Network bounded input buffering / held buttons do not repeat and movements remain latest-value
TEST_START: Network bounded input buffering / queue and stale intent have strict bounds
TEST_START: Network bounded input buffering / new round, disconnect and session reset cannot replay old actions
WARNING: [WRN][Net] online transport lost: test_disconnect
     at: push_warning (core/variant/variant_utility.cpp:1033)
     GDScript backtrace (most recent call first):
         [0] _write (res://src/core/logger.gd:75)
         [1] w (res://src/core/logger.gd:34)
         [2] _transport_lost (res://src/net/net_service.gd:482)
         [3] _input_buffer_limits (res://tests/suites/test_network.gd:563)
         [4] run (res://tests/suites/test_network.gd:50)
         [5] _active_protocol_recovery (res://tests/suites/test_network.gd:327)

── Network movement sampling ───────────────────────────────────

── Network snapshot boundary ───────────────────────────────────

── Network player mapping ──────────────────────────────────────

── Network result replay protection ────────────────────────────

── Network host result delivery ────────────────────────────────

── Network reaction gameplay ───────────────────────────────────
TEST_START: Network reaction gameplay / coalesced short tap scores through the actual host physics pipeline

── Apple account access isolation ──────────────────────────────

── scoring ─────────────────────────────────────────────────────
TEST_START: scoring / standard competition ranking
TEST_START: scoring / ties share a place and skip the next
TEST_START: scoring / four-way draw
TEST_START: scoring / race scoring inverts the comparison
TEST_START: scoring / multi-round totals decide the match
TEST_START: scoring / aggregate merges per-round details
TEST_START: scoring / survival ranks by elimination order
TEST_START: scoring / tournament awards 5/3/2/1
TEST_START: scoring / tied places share the combined award
TEST_START: scoring / session advances and crowns a champion
TEST_START: scoring / random schedules do not repeat until the pool is exhausted

── content ─────────────────────────────────────────────────────
TEST_START: content / registry validates cleanly
TEST_START: content / shipping content meets the target
TEST_START: content / every mini-game category is represented
TEST_START: content / adventure stage count
TEST_START: content / no character has a larger stat budget than another
TEST_START: content / starter characters exist and are unlockable from a fresh profile
TEST_START: content / Arabic and English have identical key sets
TEST_START: content / every content string resolves in both locales
TEST_START: content / Arabic is treated as right-to-left
TEST_START: content / every achievement condition type is implemented
TEST_START: content / match phase transitions are constrained
TEST_START: content / literal gameplay sound references resolve to an audio stream

── save & progression ──────────────────────────────────────────
TEST_START: save & progression / write then read returns identical data
TEST_START: save & progression / a truncated save falls back to the backup
WARNING: [WRN][Save] checksum mismatch in /tmp/kras-blast-followthrough-full-save/test_profile.json
     at: push_warning (core/variant/variant_utility.cpp:1033)
     GDScript backtrace (most recent call first):
         [0] _write (res://src/core/logger.gd:75)
         [1] w (res://src/core/logger.gd:34)
         [2] _read (res://src/save/save_system.gd:358)
         [3] load_slot (res://src/save/save_system.gd:275)
         [4] _corruption (res://tests/suites/test_save.gd:51)
         [5] run (res://tests/suites/test_save.gd:12)
         [6] _ready (res://tests/test_runner.gd:204)
         [7] run (res://tests/suites/test_network.gd:104)
         [8] _quick_draw_edges (res://tests/suites/test_network.gd:648)
WARNING: [WRN][Save] slot 'test_profile' corrupt — recovered from backup
     at: push_warning (core/variant/variant_utility.cpp:1033)
     GDScript backtrace (most recent call first):
         [0] _write (res://src/core/logger.gd:75)
         [1] w (res://src/core/logger.gd:34)
         [2] load_slot (res://src/save/save_system.gd:283)
         [3] _corruption (res://tests/suites/test_save.gd:51)
         [4] run (res://tests/suites/test_save.gd:12)
         [5] _ready (res://tests/test_runner.gd:204)
         [6] run (res://tests/suites/test_network.gd:104)
         [7] _quick_draw_edges (res://tests/suites/test_network.gd:648)
WARNING: [WRN][Save] checksum mismatch in /tmp/kras-blast-followthrough-full-save/test_profile.json
     at: push_warning (core/variant/variant_utility.cpp:1033)
     GDScript backtrace (most recent call first):
         [0] _write (res://src/core/logger.gd:75)
         [1] w (res://src/core/logger.gd:34)
         [2] _read (res://src/save/save_system.gd:358)
         [3] _protect_newer_on_disk (res://src/save/save_system.gd:374)
         [4] _write_slot (res://src/save/save_system.gd:310)
         [5] flush (res://src/save/save_system.gd:245)
         [6] _corruption (res://tests/suites/test_save.gd:56)
         [7] run (res://tests/suites/test_save.gd:12)
         [8] _ready (res://tests/test_runner.gd:204)
         [9] run (res://tests/suites/test_network.gd:104)
         [10] _quick_draw_edges (res://tests/suites/test_network.gd:648)
WARNING: [WRN][Save] checksum mismatch in /tmp/kras-blast-followthrough-full-save/test_profile.json
     at: push_warning (core/variant/variant_utility.cpp:1033)
     GDScript backtrace (most recent call first):
         [0] _write (res://src/core/logger.gd:75)
         [1] w (res://src/core/logger.gd:34)
         [2] _read (res://src/save/save_system.gd:358)
         [3] _write_slot (res://src/save/save_system.gd:327)
         [4] flush (res://src/save/save_system.gd:245)
         [5] _corruption (res://tests/suites/test_save.gd:56)
         [6] run (res://tests/suites/test_save.gd:12)
         [7] _ready (res://tests/test_runner.gd:204)
         [8] run (res://tests/suites/test_network.gd:104)
         [9] _quick_draw_edges (res://tests/suites/test_network.gd:648)
TEST_START: save & progression / a save with no backup degrades to an empty profile, not a crash
TEST_START: save & progression / failed write stays dirty and can be retried
ERROR: [ERR][Save] cannot open /tmp/kras-blast-followthrough-full-save/test_profile.json.tmp for write
   at: push_error (core/variant/variant_utility.cpp:1023)
   GDScript backtrace (most recent call first):
       [0] _write (res://src/core/logger.gd:73)
       [1] e (res://src/core/logger.gd:38)
       [2] _write_slot (res://src/save/save_system.gd:318)
       [3] flush (res://src/save/save_system.gd:245)
       [4] _failed_write (res://tests/suites/test_save.gd:83)
       [5] run (res://tests/suites/test_save.gd:13)
       [6] _ready (res://tests/test_runner.gd:204)
       [7] run (res://tests/suites/test_network.gd:104)
       [8] _quick_draw_edges (res://tests/suites/test_network.gd:648)
TEST_START: save & progression / wrong envelope types recover without a runtime error
TEST_START: save & progression / a schema-1 save migrates into a named profile
[INF][Save] migrated save from schema 1 to 2
TEST_START: save & progression / device-wide branches stay device-wide
TEST_START: save & progression / migration is idempotent
TEST_START: save & progression / a downgraded app never overwrites a newer save or its backup
WARNING: [WRN][Save] slot 'test_profile' uses a newer schema; keeping its files read-only
     at: push_warning (core/variant/variant_utility.cpp:1033)
     GDScript backtrace (most recent call first):
         [0] _write (res://src/core/logger.gd:75)
         [1] w (res://src/core/logger.gd:34)
         [2] _protect_newer (res://src/save/save_system.gd:384)
         [3] load_slot (res://src/save/save_system.gd:278)
         [4] _future_schema (res://tests/suites/test_save.gd:145)
         [5] run (res://tests/suites/test_save.gd:15)
         [6] _ready (res://tests/test_runner.gd:204)
         [7] run (res://tests/suites/test_network.gd:104)
         [8] _quick_draw_edges (res://tests/suites/test_network.gd:648)
TEST_START: save & progression / future backups are protected, even with a supported main file
WARNING: [WRN][Save] slot 'test_profile' uses a newer schema; keeping its files read-only
     at: push_warning (core/variant/variant_utility.cpp:1033)
     GDScript backtrace (most recent call first):
         [0] _write (res://src/core/logger.gd:75)
         [1] w (res://src/core/logger.gd:34)
         [2] _protect_newer (res://src/save/save_system.gd:384)
         [3] load_slot (res://src/save/save_system.gd:278)
         [4] _schema_edge_cases (res://tests/suites/test_save.gd:181)
         [5] run (res://tests/suites/test_save.gd:16)
         [6] _ready (res://tests/test_runner.gd:204)
         [7] run (res://tests/suites/test_network.gd:104)
         [8] _quick_draw_edges (res://tests/suites/test_network.gd:648)
WARNING: [WRN][Save] slot 'test_profile' uses a newer schema; keeping its files read-only
     at: push_warning (core/variant/variant_utility.cpp:1033)
     GDScript backtrace (most recent call first):
         [0] _write (res://src/core/logger.gd:75)
         [1] w (res://src/core/logger.gd:34)
         [2] _protect_newer (res://src/save/save_system.gd:384)
         [3] load_slot (res://src/save/save_system.gd:278)
         [4] _schema_edge_cases (res://tests/suites/test_save.gd:181)
         [5] run (res://tests/suites/test_save.gd:16)
         [6] _ready (res://tests/test_runner.gd:204)
         [7] run (res://tests/suites/test_network.gd:104)
         [8] _quick_draw_edges (res://tests/suites/test_network.gd:648)
WARNING: [WRN][Save] slot 'test_profile' uses a newer schema; keeping its files read-only
     at: push_warning (core/variant/variant_utility.cpp:1033)
     GDScript backtrace (most recent call first):
         [0] _write (res://src/core/logger.gd:75)
         [1] w (res://src/core/logger.gd:34)
         [2] _protect_newer (res://src/save/save_system.gd:384)
         [3] load_slot (res://src/save/save_system.gd:278)
         [4] _schema_edge_cases (res://tests/suites/test_save.gd:181)
         [5] run (res://tests/suites/test_save.gd:16)
         [6] _ready (res://tests/test_runner.gd:204)
         [7] run (res://tests/suites/test_network.gd:104)
         [8] _quick_draw_edges (res://tests/suites/test_network.gd:648)
TEST_START: save & progression / invalid schema fields recover from a supported backup
WARNING: [WRN][Save] slot 'test_profile' corrupt — recovered from backup
     at: push_warning (core/variant/variant_utility.cpp:1033)
     GDScript backtrace (most recent call first):
         [0] _write (res://src/core/logger.gd:75)
         [1] w (res://src/core/logger.gd:34)
         [2] load_slot (res://src/save/save_system.gd:283)
         [3] _schema_edge_cases (res://tests/suites/test_save.gd:195)
         [4] run (res://tests/suites/test_save.gd:16)
         [5] _ready (res://tests/test_runner.gd:204)
         [6] run (res://tests/suites/test_network.gd:104)
         [7] _quick_draw_edges (res://tests/suites/test_network.gd:648)
WARNING: [WRN][Save] slot 'test_profile' corrupt — recovered from backup
     at: push_warning (core/variant/variant_utility.cpp:1033)
     GDScript backtrace (most recent call first):
         [0] _write (res://src/core/logger.gd:75)
         [1] w (res://src/core/logger.gd:34)
         [2] load_slot (res://src/save/save_system.gd:283)
         [3] _schema_edge_cases (res://tests/suites/test_save.gd:195)
         [4] run (res://tests/suites/test_save.gd:16)
         [5] _ready (res://tests/test_runner.gd:204)
         [6] run (res://tests/suites/test_network.gd:104)
         [7] _quick_draw_edges (res://tests/suites/test_network.gd:648)
WARNING: [WRN][Save] slot 'test_profile' corrupt — recovered from backup
     at: push_warning (core/variant/variant_utility.cpp:1033)
     GDScript backtrace (most recent call first):
         [0] _write (res://src/core/logger.gd:75)
         [1] w (res://src/core/logger.gd:34)
         [2] load_slot (res://src/save/save_system.gd:283)
         [3] _schema_edge_cases (res://tests/suites/test_save.gd:195)
         [4] run (res://tests/suites/test_save.gd:16)
         [5] _ready (res://tests/test_runner.gd:204)
         [6] run (res://tests/suites/test_network.gd:104)
         [7] _quick_draw_edges (res://tests/suites/test_network.gd:648)
WARNING: [WRN][Save] slot 'test_profile' corrupt — recovered from backup
     at: push_warning (core/variant/variant_utility.cpp:1033)
     GDScript backtrace (most recent call first):
         [0] _write (res://src/core/logger.gd:75)
         [1] w (res://src/core/logger.gd:34)
         [2] load_slot (res://src/save/save_system.gd:283)
         [3] _schema_edge_cases (res://tests/suites/test_save.gd:195)
         [4] run (res://tests/suites/test_save.gd:16)
         [5] _ready (res://tests/test_runner.gd:204)
         [6] run (res://tests/suites/test_network.gd:104)
         [7] _quick_draw_edges (res://tests/suites/test_network.gd:648)
WARNING: [WRN][Save] slot 'test_profile' corrupt — recovered from backup
     at: push_warning (core/variant/variant_utility.cpp:1033)
     GDScript backtrace (most recent call first):
         [0] _write (res://src/core/logger.gd:75)
         [1] w (res://src/core/logger.gd:34)
         [2] load_slot (res://src/save/save_system.gd:283)
         [3] _schema_edge_cases (res://tests/suites/test_save.gd:195)
         [4] run (res://tests/suites/test_save.gd:16)
         [5] _ready (res://tests/test_runner.gd:204)
         [6] run (res://tests/suites/test_network.gd:104)
         [7] _quick_draw_edges (res://tests/suites/test_network.gd:648)
WARNING: [WRN][Save] slot 'test_profile' corrupt — recovered from backup
     at: push_warning (core/variant/variant_utility.cpp:1033)
     GDScript backtrace (most recent call first):
         [0] _write (res://src/core/logger.gd:75)
         [1] w (res://src/core/logger.gd:34)
         [2] load_slot (res://src/save/save_system.gd:283)
         [3] _schema_edge_cases (res://tests/suites/test_save.gd:195)
         [4] run (res://tests/suites/test_save.gd:16)
         [5] _ready (res://tests/test_runner.gd:204)
         [6] run (res://tests/suites/test_network.gd:104)
         [7] _quick_draw_edges (res://tests/suites/test_network.gd:648)
TEST_START: save & progression / writes and resets detect future files even without loading first
WARNING: [WRN][Save] slot 'test_profile' uses a newer schema; keeping its files read-only
     at: push_warning (core/variant/variant_utility.cpp:1033)
     GDScript backtrace (most recent call first):
         [0] _write (res://src/core/logger.gd:75)
         [1] w (res://src/core/logger.gd:34)
         [2] _protect_newer (res://src/save/save_system.gd:384)
         [3] _protect_newer_on_disk (res://src/save/save_system.gd:375)
         [4] _write_slot (res://src/save/save_system.gd:310)
         [5] _schema_edge_cases (res://tests/suites/test_save.gd:203)
         [6] run (res://tests/suites/test_save.gd:16)
         [7] _ready (res://tests/test_runner.gd:204)
         [8] run (res://tests/suites/test_network.gd:104)
         [9] _quick_draw_edges (res://tests/suites/test_network.gd:648)
WARNING: [WRN][Save] slot 'test_profile' uses a newer schema; keeping its files read-only
     at: push_warning (core/variant/variant_utility.cpp:1033)
     GDScript backtrace (most recent call first):
         [0] _write (res://src/core/logger.gd:75)
         [1] w (res://src/core/logger.gd:34)
         [2] _protect_newer (res://src/save/save_system.gd:384)
         [3] _protect_newer_on_disk (res://src/save/save_system.gd:375)
         [4] erase (res://src/save/save_system.gd:291)
         [5] _schema_edge_cases (res://tests/suites/test_save.gd:208)
         [6] run (res://tests/suites/test_save.gd:16)
         [7] _ready (res://tests/test_runner.gd:204)
         [8] run (res://tests/suites/test_network.gd:104)
         [9] _quick_draw_edges (res://tests/suites/test_network.gd:648)
WARNING: [WRN][Save] slot 'test_profile' uses a newer schema; keeping its files read-only
     at: push_warning (core/variant/variant_utility.cpp:1033)
     GDScript backtrace (most recent call first):
         [0] _write (res://src/core/logger.gd:75)
         [1] w (res://src/core/logger.gd:34)
         [2] _protect_newer (res://src/save/save_system.gd:384)
         [3] _protect_newer_on_disk (res://src/save/save_system.gd:375)
         [4] _write_slot (res://src/save/save_system.gd:310)
         [5] _schema_edge_cases (res://tests/suites/test_save.gd:203)
         [6] run (res://tests/suites/test_save.gd:16)
         [7] _ready (res://tests/test_runner.gd:204)
         [8] run (res://tests/suites/test_network.gd:104)
         [9] _quick_draw_edges (res://tests/suites/test_network.gd:648)
WARNING: [WRN][Save] slot 'test_profile' uses a newer schema; keeping its files read-only
     at: push_warning (core/variant/variant_utility.cpp:1033)
     GDScript backtrace (most recent call first):
         [0] _write (res://src/core/logger.gd:75)
         [1] w (res://src/core/logger.gd:34)
         [2] _protect_newer (res://src/save/save_system.gd:384)
         [3] _protect_newer_on_disk (res://src/save/save_system.gd:375)
         [4] erase (res://src/save/save_system.gd:291)
         [5] _schema_edge_cases (res://tests/suites/test_save.gd:208)
         [6] run (res://tests/suites/test_save.gd:16)
         [7] _ready (res://tests/test_runner.gd:204)
         [8] run (res://tests/suites/test_network.gd:104)
         [9] _quick_draw_edges (res://tests/suites/test_network.gd:648)
TEST_START: save & progression / migration from schema zero is idempotent and keeps progress
[INF][Save] migrated save from schema 1 to 2
TEST_START: save & progression / profiles isolate progress from each other
TEST_START: save & progression / deleting a profile cannot leave the device with none
TEST_START: save & progression / starter characters are available on a fresh profile
TEST_START: save & progression / trophy thresholds unlock the right characters
TEST_START: save & progression / mini-games unlock and are never re-announced
TEST_START: save & progression / adventure records clear state and pay a trophy once
TEST_START: save & progression / stars follow placement
TEST_START: save & progression / completion percentage is bounded and monotonic
TEST_START: save & progression / settings persist and clamp to known keys
WARNING: [WRN][Settings] unknown setting 'not_a_real_setting'
     at: push_warning (core/variant/variant_utility.cpp:1033)
     GDScript backtrace (most recent call first):
         [0] _write (res://src/core/logger.gd:75)
         [1] w (res://src/core/logger.gd:34)
         [2] set_value (res://src/settings/settings_service.gd:84)
         [3] _settings (res://tests/suites/test_save.gd:318)
         [4] run (res://tests/suites/test_save.gd:20)
         [5] _ready (res://tests/test_runner.gd:204)
         [6] run (res://tests/suites/test_network.gd:104)
         [7] _quick_draw_edges (res://tests/suites/test_network.gd:648)
TEST_START: save & progression / tutorial flags are one-shot

── systems ─────────────────────────────────────────────────────
TEST_START: systems / input frame edge detection
TEST_START: systems / input frames encode and decode losslessly enough for replay
TEST_START: systems / virtual slots accept AI input
TEST_START: systems / music switch mutes only music and restores the chosen level
TEST_START: systems / baked original music preserves synthesis and looping
TEST_START: systems / baked original sounds retain PCM and cached playback
TEST_START: systems / audio shutdown releases streams and cancels pending fades
TEST_START: systems / safe-area insets are sane
TEST_START: systems / backgrounding suspends audio and flushing, resuming restores it
TEST_START: systems / a memory warning trims idle pools without disabling allocation
WARNING: [WRN][Platform] OS memory warning — draining caches
     at: push_warning (core/variant/variant_utility.cpp:1033)
     GDScript backtrace (most recent call first):
         [0] _write (res://src/core/logger.gd:75)
         [1] w (res://src/core/logger.gd:34)
         [2] _on_memory_warning (res://src/core/platform_service.gd:163)
         [3] _platform (res://tests/suites/test_systems.gd:201)
         [4] run (res://tests/suites/test_systems.gd:13)
         [5] _audio_shutdown (res://tests/suites/test_systems.gd:120)
TEST_START: systems / four difficulty profiles exist and are ordered
TEST_START: systems / every mini-game's AI script loads
TEST_START: systems / object pool reuses instances instead of allocating
TEST_START: systems / pooled projectile retains visual instances across color changes
TEST_START: systems / rounded boxes are closed solids wound consistently outward
TEST_START: systems / clearing the cache releases meshes as well as materials
TEST_START: systems / power-up effects stack, refresh and expire cleanly
TEST_START: systems / freeze releases on its own timer
TEST_START: systems / clearing effects between rounds leaves no residue
TEST_START: systems / every screen builds and offers a way back
TEST_START: systems / the router's screen holder is live before the first navigation
[DBG][Router] screen -> main_menu
TEST_START: systems / app entry opens the playable main menu without a gated boot screen
[INF][Main] Kras Pass 1.1.11 starting (macOS)
[DBG][Router] screen -> main_menu
TEST_START: systems / the access phrase is stored as a digest, not as text
TEST_START: systems / access opens every gate, and revoking closes them again

── live match memory pressure ──────────────────────────────────
TEST_START: live match memory pressure / turret_duel keeps live pool factories after memory warning
WARNING: [WRN][Platform] OS memory warning — draining caches
     at: push_warning (core/variant/variant_utility.cpp:1033)
     GDScript backtrace (most recent call first):
         [0] _write (res://src/core/logger.gd:75)
         [1] w (res://src/core/logger.gd:34)
         [2] _on_memory_warning (res://src/core/platform_service.gd:163)
         [3] run (res://tests/suites/test_memory_pressure.gd:22)
         [4] _ready (res://tests/test_runner.gd:202)
         [5] run (res://tests/suites/test_systems.gd:19)
         [6] _navigation (res://tests/suites/test_systems.gd:464)
WARNING: [WRN][Platform] OS memory warning — draining caches
     at: push_warning (core/variant/variant_utility.cpp:1033)
     GDScript backtrace (most recent call first):
         [0] _write (res://src/core/logger.gd:75)
         [1] w (res://src/core/logger.gd:34)
         [2] _on_memory_warning (res://src/core/platform_service.gd:163)
         [3] run (res://tests/suites/test_memory_pressure.gd:38)
MEMORY_PRESSURE game=turret_duel before=197117268 after=200170400
TEST_START: live match memory pressure / gem_grab keeps live pool factories after memory warning
WARNING: [WRN][Platform] OS memory warning — draining caches
     at: push_warning (core/variant/variant_utility.cpp:1033)
     GDScript backtrace (most recent call first):
         [0] _write (res://src/core/logger.gd:75)
         [1] w (res://src/core/logger.gd:34)
         [2] _on_memory_warning (res://src/core/platform_service.gd:163)
         [3] run (res://tests/suites/test_memory_pressure.gd:22)
WARNING: [WRN][Platform] OS memory warning — draining caches
     at: push_warning (core/variant/variant_utility.cpp:1033)
     GDScript backtrace (most recent call first):
         [0] _write (res://src/core/logger.gd:75)
         [1] w (res://src/core/logger.gd:34)
         [2] _on_memory_warning (res://src/core/platform_service.gd:163)
         [3] run (res://tests/suites/test_memory_pressure.gd:38)
MEMORY_PRESSURE game=gem_grab before=193064450 after=200023662

── input sources ───────────────────────────────────────────────
TEST_START: input sources / a fighter moves identically regardless of input source
TEST_START: input sources / every mini-game declares a usable control profile
TEST_START: input sources / driving games offer steering buttons or a two-axis stick
TEST_START: input sources / portrait action buttons stay on screen in either handedness
TEST_START: input sources / touch buttons are derived from declared controls, never duplicated
TEST_START: input sources / reaction and memory layouts show no action buttons
TEST_START: input sources / the touch overlay is off by default on a desktop
TEST_START: input sources / steering pads leave a separate boost target in both orientations
TEST_START: input sources / tank touch supports steering, reverse and sustained cannon fire together
TEST_START: input sources / haptics are graded and rate-limited
TEST_START: input sources / only a device a human is holding is asked to buzz
TEST_START: input sources / the vibration setting is honoured
TEST_START: input sources / the haptic director is subscribed to the moments that matter
TEST_START: input sources / delayed success haptics respect settings and background cancellation

── visual roster policy ────────────────────────────────────────
TEST_START: visual roster policy / visual roster accepts all supported local human counts
TEST_START: visual roster policy / invalid roster input cannot silently fall back to one human

── replay ──────────────────────────────────────────────────────
TEST_START: replay / replay serialises and round-trips
TEST_START: replay / a replay from a newer build is refused rather than misread
WARNING: [WRN][Replay] replay is from a newer build (v10 > v5)
     at: push_warning (core/variant/variant_utility.cpp:1033)
     GDScript backtrace (most recent call first):
         [0] _write (res://src/core/logger.gd:75)
         [1] w (res://src/core/logger.gd:34)
         [2] from_dict (res://src/replay/replay_data.gd:298)
         [3] _format (res://tests/suites/test_replay.gd:120)
         [4] run (res://tests/suites/test_replay.gd:12)
         [5] _ready (res://tests/test_runner.gd:202)
         [6] run (res://tests/suites/test_input_sources.gd:25)
         [7] _delayed_haptic_cancellation (res://tests/suites/test_input_sources.gd:73)
TEST_START: replay / recordings without keyframes are marked uncorrectable
TEST_START: replay / version 1 recordings still load, marked unverifiable
TEST_START: replay / version 4 retains its frames without invented modifiers
TEST_START: replay / recordings retain match modifiers and teams
TEST_START: replay / saving a recording twice keeps one library entry
[INF][Replay] saved replay 1791442258_87adb82b9fa410cd3fefb0d034aedd2a (0.0s, 1.0 KB)
[INF][Replay] saved replay 1791442258_87adb82b9fa410cd3fefb0d034aedd2a (0.0s, 1.0 KB)
TEST_START: replay / replay file access never accepts a path as its id
TEST_START: replay / capture limit drops all channels instead of saving a partial match
WARNING: [WRN][Replay] capture budget exceeded; this match will not be saved as a partial replay
     at: push_warning (core/variant/variant_utility.cpp:1033)
     GDScript backtrace (most recent call first):
         [0] _write (res://src/core/logger.gd:75)
         [1] w (res://src/core/logger.gd:34)
         [2] _discard_replay (res://src/match/match_scene.gd:1372)
         [3] _record_replay_tick (res://src/match/match_scene.gd:1354)
         [4] _capture_contract (res://tests/suites/test_replay.gd:70)
         [5] run (res://tests/suites/test_replay.gd:13)
         [6] _ready (res://tests/test_runner.gd:202)
         [7] run (res://tests/suites/test_input_sources.gd:25)
         [8] _delayed_haptic_cancellation (res://tests/suites/test_input_sources.gd:73)
TEST_START: replay / a recorded match replays to the same result
[INF][Replay] saved replay 1791442260_b82e65989fbc58c8cdcf30e4cb51a616 (6.0s, 23.2 KB)
TEST_START: replay / a chaotic match still replays end to end without desync
[INF][Replay] saved replay 1791442264_650cf005f75f5d40ccdc8a2ecca450b5 (15.6s, 58.5 KB)
TEST_START: replay / highlight detection finds the interesting moments
TEST_START: replay / a dull match produces no highlights

── bounded replay input chunks ─────────────────────────────────
WARNING: [WRN][Replay] world-event capture budget exceeded; this match will not be saved as a partial replay
     at: push_warning (core/variant/variant_utility.cpp:1033)
     GDScript backtrace (most recent call first):
         [0] _write (res://src/core/logger.gd:75)
         [1] w (res://src/core/logger.gd:34)
         [2] _discard_replay (res://src/match/match_scene.gd:1372)
         [3] _record_world_event (res://src/match/match_scene.gd:742)
         [4] _event_budget (res://tests/suites/test_replay_input_chunks.gd:49)
         [5] run (res://tests/suites/test_replay_input_chunks.gd:35)
         [6] _ready (res://tests/test_runner.gd:202)
         [7] run (res://tests/suites/test_replay.gd:15)
         [8] _record_and_replay (res://tests/suites/test_replay.gd:204)
         [9] _record_and_replay_chaotic (res://tests/suites/test_replay.gd:231)
         [10] _play (res://tests/suites/test_replay.gd:260)
WARNING: [WRN][Replay] world-event capture budget exceeded; this match will not be saved as a partial replay
     at: push_warning (core/variant/variant_utility.cpp:1033)
     GDScript backtrace (most recent call first):
         [0] _write (res://src/core/logger.gd:75)
         [1] w (res://src/core/logger.gd:34)
         [2] _discard_replay (res://src/match/match_scene.gd:1372)
         [3] _record_world_event (res://src/match/match_scene.gd:742)
         [4] _event_budget (res://tests/suites/test_replay_input_chunks.gd:55)
         [5] run (res://tests/suites/test_replay_input_chunks.gd:35)
         [6] _ready (res://tests/test_runner.gd:202)
         [7] run (res://tests/suites/test_replay.gd:15)
         [8] _record_and_replay (res://tests/suites/test_replay.gd:204)
         [9] _record_and_replay_chaotic (res://tests/suites/test_replay.gd:231)
         [10] _play (res://tests/suites/test_replay.gd:260)
[INF][Replay] saved replay 1791442272_d4ea37a6a7aa0c2e6bd7f14bbbac6a0c (250.0s, 925.9 KB)

── replay committed-file index recovery ────────────────────────
WARNING: [WRN][Save] slot 'profile' uses a newer schema; keeping its files read-only
     at: push_warning (core/variant/variant_utility.cpp:1033)
     GDScript backtrace (most recent call first):
         [0] _write (res://src/core/logger.gd:75)
         [1] w (res://src/core/logger.gd:34)
         [2] _protect_newer (res://src/save/save_system.gd:384)
         [3] _protect_newer_on_disk (res://src/save/save_system.gd:375)
         [4] can_write (res://src/save/save_system.gd:233)
         [5] _can_mutate (res://src/replay/replay_store.gd:338)
         [6] recover_library (res://src/replay/replay_store.gd:123)

── replay recovery persisted resume ────────────────────────────

── replay schema validation ────────────────────────────────────
WARNING: [WRN][Replay] replay metadata has an invalid schema
     at: push_warning (core/variant/variant_utility.cpp:1033)
     GDScript backtrace (most recent call first):
         [0] _write (res://src/core/logger.gd:75)
         [1] w (res://src/core/logger.gd:34)
         [2] from_dict (res://src/replay/replay_data.gd:294)
         [3] run (res://tests/suites/test_replay_schema.gd:28)
         [4] _ready (res://tests/test_runner.gd:204)
         [5] run (res://tests/suites/test_replay_recovery_resume.gd:67)
         [6] recover_library (res://src/replay/replay_store.gd:180)
WARNING: [WRN][Replay] replay metadata has an invalid schema
     at: push_warning (core/variant/variant_utility.cpp:1033)
     GDScript backtrace (most recent call first):
         [0] _write (res://src/core/logger.gd:75)
         [1] w (res://src/core/logger.gd:34)
         [2] from_dict (res://src/replay/replay_data.gd:294)
         [3] run (res://tests/suites/test_replay_schema.gd:28)
         [4] _ready (res://tests/test_runner.gd:204)
         [5] run (res://tests/suites/test_replay_recovery_resume.gd:67)
         [6] recover_library (res://src/replay/replay_store.gd:180)
WARNING: [WRN][Replay] replay metadata has an invalid schema
     at: push_warning (core/variant/variant_utility.cpp:1033)
     GDScript backtrace (most recent call first):
         [0] _write (res://src/core/logger.gd:75)
         [1] w (res://src/core/logger.gd:34)
         [2] from_dict (res://src/replay/replay_data.gd:294)
         [3] run (res://tests/suites/test_replay_schema.gd:28)
         [4] _ready (res://tests/test_runner.gd:204)
         [5] run (res://tests/suites/test_replay_recovery_resume.gd:67)
         [6] recover_library (res://src/replay/replay_store.gd:180)
WARNING: [WRN][Replay] replay metadata has an invalid schema
     at: push_warning (core/variant/variant_utility.cpp:1033)
     GDScript backtrace (most recent call first):
         [0] _write (res://src/core/logger.gd:75)
         [1] w (res://src/core/logger.gd:34)
         [2] from_dict (res://src/replay/replay_data.gd:294)
         [3] run (res://tests/suites/test_replay_schema.gd:28)
         [4] _ready (res://tests/test_runner.gd:204)
         [5] run (res://tests/suites/test_replay_recovery_resume.gd:67)
         [6] recover_library (res://src/replay/replay_store.gd:180)
WARNING: [WRN][Replay] replay metadata has an invalid schema
     at: push_warning (core/variant/variant_utility.cpp:1033)
     GDScript backtrace (most recent call first):
         [0] _write (res://src/core/logger.gd:75)
         [1] w (res://src/core/logger.gd:34)
         [2] from_dict (res://src/replay/replay_data.gd:294)
         [3] run (res://tests/suites/test_replay_schema.gd:28)
         [4] _ready (res://tests/test_runner.gd:204)
         [5] run (res://tests/suites/test_replay_recovery_resume.gd:67)
         [6] recover_library (res://src/replay/replay_store.gd:180)
WARNING: [WRN][Replay] replay metadata has an invalid schema
     at: push_warning (core/variant/variant_utility.cpp:1033)
     GDScript backtrace (most recent call first):
         [0] _write (res://src/core/logger.gd:75)
         [1] w (res://src/core/logger.gd:34)
         [2] from_dict (res://src/replay/replay_data.gd:294)
         [3] run (res://tests/suites/test_replay_schema.gd:28)
         [4] _ready (res://tests/test_runner.gd:204)
         [5] run (res://tests/suites/test_replay_recovery_resume.gd:67)
         [6] recover_library (res://src/replay/replay_store.gd:180)
WARNING: [WRN][Replay] replay metadata has an invalid schema
     at: push_warning (core/variant/variant_utility.cpp:1033)
     GDScript backtrace (most recent call first):
         [0] _write (res://src/core/logger.gd:75)
         [1] w (res://src/core/logger.gd:34)
         [2] from_dict (res://src/replay/replay_data.gd:294)
         [3] run (res://tests/suites/test_replay_schema.gd:28)
         [4] _ready (res://tests/test_runner.gd:204)
         [5] run (res://tests/suites/test_replay_recovery_resume.gd:67)
         [6] recover_library (res://src/replay/replay_store.gd:180)
WARNING: [WRN][Replay] replay metadata has an invalid schema
     at: push_warning (core/variant/variant_utility.cpp:1033)
     GDScript backtrace (most recent call first):
         [0] _write (res://src/core/logger.gd:75)
         [1] w (res://src/core/logger.gd:34)
         [2] from_dict (res://src/replay/replay_data.gd:294)
         [3] run (res://tests/suites/test_replay_schema.gd:28)
         [4] _ready (res://tests/test_runner.gd:204)
         [5] run (res://tests/suites/test_replay_recovery_resume.gd:67)
         [6] recover_library (res://src/replay/replay_store.gd:180)
WARNING: [WRN][Replay] replay metadata has an invalid schema
     at: push_warning (core/variant/variant_utility.cpp:1033)
     GDScript backtrace (most recent call first):
         [0] _write (res://src/core/logger.gd:75)
         [1] w (res://src/core/logger.gd:34)
         [2] from_dict (res://src/replay/replay_data.gd:294)
         [3] run (res://tests/suites/test_replay_schema.gd:28)
         [4] _ready (res://tests/test_runner.gd:204)
         [5] run (res://tests/suites/test_replay_recovery_resume.gd:67)
         [6] recover_library (res://src/replay/replay_store.gd:180)
WARNING: [WRN][Replay] replay metadata has an invalid schema
     at: push_warning (core/variant/variant_utility.cpp:1033)
     GDScript backtrace (most recent call first):
         [0] _write (res://src/core/logger.gd:75)
         [1] w (res://src/core/logger.gd:34)
         [2] from_dict (res://src/replay/replay_data.gd:294)
         [3] run (res://tests/suites/test_replay_schema.gd:28)
         [4] _ready (res://tests/test_runner.gd:204)
         [5] run (res://tests/suites/test_replay_recovery_resume.gd:67)
         [6] recover_library (res://src/replay/replay_store.gd:180)
WARNING: [WRN][Replay] replay metadata has an invalid schema
     at: push_warning (core/variant/variant_utility.cpp:1033)
     GDScript backtrace (most recent call first):
         [0] _write (res://src/core/logger.gd:75)
         [1] w (res://src/core/logger.gd:34)
         [2] from_dict (res://src/replay/replay_data.gd:294)
         [3] run (res://tests/suites/test_replay_schema.gd:28)
         [4] _ready (res://tests/test_runner.gd:204)
         [5] run (res://tests/suites/test_replay_recovery_resume.gd:67)
         [6] recover_library (res://src/replay/replay_store.gd:180)
WARNING: [WRN][Replay] replay metadata has an invalid schema
     at: push_warning (core/variant/variant_utility.cpp:1033)
     GDScript backtrace (most recent call first):
         [0] _write (res://src/core/logger.gd:75)
         [1] w (res://src/core/logger.gd:34)
         [2] from_dict (res://src/replay/replay_data.gd:294)
         [3] run (res://tests/suites/test_replay_schema.gd:28)
         [4] _ready (res://tests/test_runner.gd:204)
         [5] run (res://tests/suites/test_replay_recovery_resume.gd:67)
         [6] recover_library (res://src/replay/replay_store.gd:180)
WARNING: [WRN][Replay] replay metadata has an invalid schema
     at: push_warning (core/variant/variant_utility.cpp:1033)
     GDScript backtrace (most recent call first):
         [0] _write (res://src/core/logger.gd:75)
         [1] w (res://src/core/logger.gd:34)
         [2] from_dict (res://src/replay/replay_data.gd:294)
         [3] run (res://tests/suites/test_replay_schema.gd:28)
         [4] _ready (res://tests/test_runner.gd:204)
         [5] run (res://tests/suites/test_replay_recovery_resume.gd:67)
         [6] recover_library (res://src/replay/replay_store.gd:180)
WARNING: [WRN][Replay] replay metadata has an invalid schema
     at: push_warning (core/variant/variant_utility.cpp:1033)
     GDScript backtrace (most recent call first):
         [0] _write (res://src/core/logger.gd:75)
         [1] w (res://src/core/logger.gd:34)
         [2] from_dict (res://src/replay/replay_data.gd:294)
         [3] run (res://tests/suites/test_replay_schema.gd:28)
         [4] _ready (res://tests/test_runner.gd:204)
         [5] run (res://tests/suites/test_replay_recovery_resume.gd:67)
         [6] recover_library (res://src/replay/replay_store.gd:180)
WARNING: [WRN][Replay] replay metadata has an invalid schema
     at: push_warning (core/variant/variant_utility.cpp:1033)
     GDScript backtrace (most recent call first):
         [0] _write (res://src/core/logger.gd:75)
         [1] w (res://src/core/logger.gd:34)
         [2] from_dict (res://src/replay/replay_data.gd:294)
         [3] run (res://tests/suites/test_replay_schema.gd:28)
         [4] _ready (res://tests/test_runner.gd:204)
         [5] run (res://tests/suites/test_replay_recovery_resume.gd:67)
         [6] recover_library (res://src/replay/replay_store.gd:180)
WARNING: [WRN][Replay] replay metadata has an invalid schema
     at: push_warning (core/variant/variant_utility.cpp:1033)
     GDScript backtrace (most recent call first):
         [0] _write (res://src/core/logger.gd:75)
         [1] w (res://src/core/logger.gd:34)
         [2] from_dict (res://src/replay/replay_data.gd:294)
         [3] run (res://tests/suites/test_replay_schema.gd:28)
         [4] _ready (res://tests/test_runner.gd:204)
         [5] run (res://tests/suites/test_replay_recovery_resume.gd:67)
         [6] recover_library (res://src/replay/replay_store.gd:180)
WARNING: [WRN][Replay] replay metadata has an invalid schema
     at: push_warning (core/variant/variant_utility.cpp:1033)
     GDScript backtrace (most recent call first):
         [0] _write (res://src/core/logger.gd:75)
         [1] w (res://src/core/logger.gd:34)
         [2] from_dict (res://src/replay/replay_data.gd:294)
         [3] run (res://tests/suites/test_replay_schema.gd:28)
         [4] _ready (res://tests/test_runner.gd:204)
         [5] run (res://tests/suites/test_replay_recovery_resume.gd:67)
         [6] recover_library (res://src/replay/replay_store.gd:180)
WARNING: [WRN][Replay] replay metadata has an invalid schema
     at: push_warning (core/variant/variant_utility.cpp:1033)
     GDScript backtrace (most recent call first):
         [0] _write (res://src/core/logger.gd:75)
         [1] w (res://src/core/logger.gd:34)
         [2] from_dict (res://src/replay/replay_data.gd:294)
         [3] run (res://tests/suites/test_replay_schema.gd:28)
         [4] _ready (res://tests/test_runner.gd:204)
         [5] run (res://tests/suites/test_replay_recovery_resume.gd:67)
         [6] recover_library (res://src/replay/replay_store.gd:180)
WARNING: [WRN][Replay] replay metadata has an invalid schema
     at: push_warning (core/variant/variant_utility.cpp:1033)
     GDScript backtrace (most recent call first):
         [0] _write (res://src/core/logger.gd:75)
         [1] w (res://src/core/logger.gd:34)
         [2] from_dict (res://src/replay/replay_data.gd:294)
         [3] run (res://tests/suites/test_replay_schema.gd:28)
         [4] _ready (res://tests/test_runner.gd:204)
         [5] run (res://tests/suites/test_replay_recovery_resume.gd:67)
         [6] recover_library (res://src/replay/replay_store.gd:180)
WARNING: [WRN][Replay] replay metadata has an invalid schema
     at: push_warning (core/variant/variant_utility.cpp:1033)
     GDScript backtrace (most recent call first):
         [0] _write (res://src/core/logger.gd:75)
         [1] w (res://src/core/logger.gd:34)
         [2] from_dict (res://src/replay/replay_data.gd:294)
         [3] run (res://tests/suites/test_replay_schema.gd:28)
         [4] _ready (res://tests/test_runner.gd:204)
         [5] run (res://tests/suites/test_replay_recovery_resume.gd:67)
         [6] recover_library (res://src/replay/replay_store.gd:180)
WARNING: [WRN][Replay] replay metadata has an invalid schema
     at: push_warning (core/variant/variant_utility.cpp:1033)
     GDScript backtrace (most recent call first):
         [0] _write (res://src/core/logger.gd:75)
         [1] w (res://src/core/logger.gd:34)
         [2] from_dict (res://src/replay/replay_data.gd:294)
         [3] run (res://tests/suites/test_replay_schema.gd:28)
         [4] _ready (res://tests/test_runner.gd:204)
         [5] run (res://tests/suites/test_replay_recovery_resume.gd:67)
         [6] recover_library (res://src/replay/replay_store.gd:180)
WARNING: [WRN][Replay] replay metadata has an invalid schema
     at: push_warning (core/variant/variant_utility.cpp:1033)
     GDScript backtrace (most recent call first):
         [0] _write (res://src/core/logger.gd:75)
         [1] w (res://src/core/logger.gd:34)
         [2] from_dict (res://src/replay/replay_data.gd:294)
         [3] run (res://tests/suites/test_replay_schema.gd:28)
         [4] _ready (res://tests/test_runner.gd:204)
         [5] run (res://tests/suites/test_replay_recovery_resume.gd:67)
         [6] recover_library (res://src/replay/replay_store.gd:180)
WARNING: [WRN][Replay] replay metadata has an invalid schema
     at: push_warning (core/variant/variant_utility.cpp:1033)
     GDScript backtrace (most recent call first):
         [0] _write (res://src/core/logger.gd:75)
         [1] w (res://src/core/logger.gd:34)
         [2] from_dict (res://src/replay/replay_data.gd:294)
         [3] run (res://tests/suites/test_replay_schema.gd:28)
         [4] _ready (res://tests/test_runner.gd:204)
         [5] run (res://tests/suites/test_replay_recovery_resume.gd:67)
         [6] recover_library (res://src/replay/replay_store.gd:180)
WARNING: [WRN][Replay] replay metadata has an invalid schema
     at: push_warning (core/variant/variant_utility.cpp:1033)
     GDScript backtrace (most recent call first):
         [0] _write (res://src/core/logger.gd:75)
         [1] w (res://src/core/logger.gd:34)
         [2] from_dict (res://src/replay/replay_data.gd:294)
         [3] run (res://tests/suites/test_replay_schema.gd:28)
         [4] _ready (res://tests/test_runner.gd:204)
         [5] run (res://tests/suites/test_replay_recovery_resume.gd:67)
         [6] recover_library (res://src/replay/replay_store.gd:180)
WARNING: [WRN][Replay] replay metadata has an invalid schema
     at: push_warning (core/variant/variant_utility.cpp:1033)
     GDScript backtrace (most recent call first):
         [0] _write (res://src/core/logger.gd:75)
         [1] w (res://src/core/logger.gd:34)
         [2] from_dict (res://src/replay/replay_data.gd:294)
         [3] run (res://tests/suites/test_replay_schema.gd:28)
         [4] _ready (res://tests/test_runner.gd:204)
         [5] run (res://tests/suites/test_replay_recovery_resume.gd:67)
         [6] recover_library (res://src/replay/replay_store.gd:180)
WARNING: [WRN][Replay] replay metadata has an invalid schema
     at: push_warning (core/variant/variant_utility.cpp:1033)
     GDScript backtrace (most recent call first):
         [0] _write (res://src/core/logger.gd:75)
         [1] w (res://src/core/logger.gd:34)
         [2] from_dict (res://src/replay/replay_data.gd:294)
         [3] run (res://tests/suites/test_replay_schema.gd:28)
         [4] _ready (res://tests/test_runner.gd:204)
         [5] run (res://tests/suites/test_replay_recovery_resume.gd:67)
         [6] recover_library (res://src/replay/replay_store.gd:180)
WARNING: [WRN][Replay] replay metadata has an invalid schema
     at: push_warning (core/variant/variant_utility.cpp:1033)
     GDScript backtrace (most recent call first):
         [0] _write (res://src/core/logger.gd:75)
         [1] w (res://src/core/logger.gd:34)
         [2] from_dict (res://src/replay/replay_data.gd:294)
         [3] run (res://tests/suites/test_replay_schema.gd:34)
         [4] _ready (res://tests/test_runner.gd:204)
         [5] run (res://tests/suites/test_replay_recovery_resume.gd:67)
         [6] recover_library (res://src/replay/replay_store.gd:180)
WARNING: [WRN][Replay] replay metadata has an invalid schema
     at: push_warning (core/variant/variant_utility.cpp:1033)
     GDScript backtrace (most recent call first):
         [0] _write (res://src/core/logger.gd:75)
         [1] w (res://src/core/logger.gd:34)
         [2] from_dict (res://src/replay/replay_data.gd:294)
         [3] run (res://tests/suites/test_replay_schema.gd:34)
         [4] _ready (res://tests/test_runner.gd:204)
         [5] run (res://tests/suites/test_replay_recovery_resume.gd:67)
         [6] recover_library (res://src/replay/replay_store.gd:180)
WARNING: [WRN][Replay] replay metadata has an invalid schema
     at: push_warning (core/variant/variant_utility.cpp:1033)
     GDScript backtrace (most recent call first):
         [0] _write (res://src/core/logger.gd:75)
         [1] w (res://src/core/logger.gd:34)
         [2] from_dict (res://src/replay/replay_data.gd:294)
         [3] run (res://tests/suites/test_replay_schema.gd:34)
         [4] _ready (res://tests/test_runner.gd:204)
         [5] run (res://tests/suites/test_replay_recovery_resume.gd:67)
         [6] recover_library (res://src/replay/replay_store.gd:180)
WARNING: [WRN][Replay] replay metadata has an invalid schema
     at: push_warning (core/variant/variant_utility.cpp:1033)
     GDScript backtrace (most recent call first):
         [0] _write (res://src/core/logger.gd:75)
         [1] w (res://src/core/logger.gd:34)
         [2] from_dict (res://src/replay/replay_data.gd:294)
         [3] run (res://tests/suites/test_replay_schema.gd:34)
         [4] _ready (res://tests/test_runner.gd:204)
         [5] run (res://tests/suites/test_replay_recovery_resume.gd:67)
         [6] recover_library (res://src/replay/replay_store.gd:180)
WARNING: [WRN][Replay] replay metadata has an invalid schema
     at: push_warning (core/variant/variant_utility.cpp:1033)
     GDScript backtrace (most recent call first):
         [0] _write (res://src/core/logger.gd:75)
         [1] w (res://src/core/logger.gd:34)
         [2] from_dict (res://src/replay/replay_data.gd:294)
         [3] run (res://tests/suites/test_replay_schema.gd:34)
         [4] _ready (res://tests/test_runner.gd:204)
         [5] run (res://tests/suites/test_replay_recovery_resume.gd:67)
         [6] recover_library (res://src/replay/replay_store.gd:180)
WARNING: [WRN][Replay] replay metadata has an invalid schema
     at: push_warning (core/variant/variant_utility.cpp:1033)
     GDScript backtrace (most recent call first):
         [0] _write (res://src/core/logger.gd:75)
         [1] w (res://src/core/logger.gd:34)
         [2] from_dict (res://src/replay/replay_data.gd:294)
         [3] run (res://tests/suites/test_replay_schema.gd:34)
         [4] _ready (res://tests/test_runner.gd:204)
         [5] run (res://tests/suites/test_replay_recovery_resume.gd:67)
         [6] recover_library (res://src/replay/replay_store.gd:180)
WARNING: [WRN][Replay] replay metadata has an invalid schema
     at: push_warning (core/variant/variant_utility.cpp:1033)
     GDScript backtrace (most recent call first):
         [0] _write (res://src/core/logger.gd:75)
         [1] w (res://src/core/logger.gd:34)
         [2] from_dict (res://src/replay/replay_data.gd:294)
         [3] run (res://tests/suites/test_replay_schema.gd:34)
         [4] _ready (res://tests/test_runner.gd:204)
         [5] run (res://tests/suites/test_replay_recovery_resume.gd:67)
         [6] recover_library (res://src/replay/replay_store.gd:180)
WARNING: [WRN][Replay] replay metadata has an invalid schema
     at: push_warning (core/variant/variant_utility.cpp:1033)
     GDScript backtrace (most recent call first):
         [0] _write (res://src/core/logger.gd:75)
         [1] w (res://src/core/logger.gd:34)
         [2] from_dict (res://src/replay/replay_data.gd:294)
         [3] run (res://tests/suites/test_replay_schema.gd:34)
         [4] _ready (res://tests/test_runner.gd:204)
         [5] run (res://tests/suites/test_replay_recovery_resume.gd:67)
         [6] recover_library (res://src/replay/replay_store.gd:180)
WARNING: [WRN][Replay] replay metadata has an invalid schema
     at: push_warning (core/variant/variant_utility.cpp:1033)
     GDScript backtrace (most recent call first):
         [0] _write (res://src/core/logger.gd:75)
         [1] w (res://src/core/logger.gd:34)
         [2] from_dict (res://src/replay/replay_data.gd:294)
         [3] run (res://tests/suites/test_replay_schema.gd:37)
         [4] _ready (res://tests/test_runner.gd:204)
         [5] run (res://tests/suites/test_replay_recovery_resume.gd:67)
         [6] recover_library (res://src/replay/replay_store.gd:180)
WARNING: [WRN][Replay] replay metadata has an invalid schema
     at: push_warning (core/variant/variant_utility.cpp:1033)
     GDScript backtrace (most recent call first):
         [0] _write (res://src/core/logger.gd:75)
         [1] w (res://src/core/logger.gd:34)
         [2] from_dict (res://src/replay/replay_data.gd:294)
         [3] run (res://tests/suites/test_replay_schema.gd:41)
         [4] _ready (res://tests/test_runner.gd:204)
         [5] run (res://tests/suites/test_replay_recovery_resume.gd:67)
         [6] recover_library (res://src/replay/replay_store.gd:180)
WARNING: [WRN][Replay] replay metadata has an invalid schema
     at: push_warning (core/variant/variant_utility.cpp:1033)
     GDScript backtrace (most recent call first):
         [0] _write (res://src/core/logger.gd:75)
         [1] w (res://src/core/logger.gd:34)
         [2] from_dict (res://src/replay/replay_data.gd:294)
         [3] run (res://tests/suites/test_replay_schema.gd:41)
         [4] _ready (res://tests/test_runner.gd:204)
         [5] run (res://tests/suites/test_replay_recovery_resume.gd:67)
         [6] recover_library (res://src/replay/replay_store.gd:180)
WARNING: [WRN][Replay] replay metadata has an invalid schema
     at: push_warning (core/variant/variant_utility.cpp:1033)
     GDScript backtrace (most recent call first):
         [0] _write (res://src/core/logger.gd:75)
         [1] w (res://src/core/logger.gd:34)
         [2] from_dict (res://src/replay/replay_data.gd:294)
         [3] run (res://tests/suites/test_replay_schema.gd:41)
         [4] _ready (res://tests/test_runner.gd:204)
         [5] run (res://tests/suites/test_replay_recovery_resume.gd:67)
         [6] recover_library (res://src/replay/replay_store.gd:180)
WARNING: [WRN][Replay] replay metadata has an invalid schema
     at: push_warning (core/variant/variant_utility.cpp:1033)
     GDScript backtrace (most recent call first):
         [0] _write (res://src/core/logger.gd:75)
         [1] w (res://src/core/logger.gd:34)
         [2] from_dict (res://src/replay/replay_data.gd:294)
         [3] run (res://tests/suites/test_replay_schema.gd:41)
         [4] _ready (res://tests/test_runner.gd:204)
         [5] run (res://tests/suites/test_replay_recovery_resume.gd:67)
         [6] recover_library (res://src/replay/replay_store.gd:180)
WARNING: [WRN][Replay] replay metadata has an invalid schema
     at: push_warning (core/variant/variant_utility.cpp:1033)
     GDScript backtrace (most recent call first):
         [0] _write (res://src/core/logger.gd:75)
         [1] w (res://src/core/logger.gd:34)
         [2] from_dict (res://src/replay/replay_data.gd:294)
         [3] run (res://tests/suites/test_replay_schema.gd:41)
         [4] _ready (res://tests/test_runner.gd:204)
         [5] run (res://tests/suites/test_replay_recovery_resume.gd:67)
         [6] recover_library (res://src/replay/replay_store.gd:180)
WARNING: [WRN][Replay] replay metadata has an invalid schema
     at: push_warning (core/variant/variant_utility.cpp:1033)
     GDScript backtrace (most recent call first):
         [0] _write (res://src/core/logger.gd:75)
         [1] w (res://src/core/logger.gd:34)
         [2] from_dict (res://src/replay/replay_data.gd:294)
         [3] run (res://tests/suites/test_replay_schema.gd:45)
         [4] _ready (res://tests/test_runner.gd:204)
         [5] run (res://tests/suites/test_replay_recovery_resume.gd:67)
         [6] recover_library (res://src/replay/replay_store.gd:180)
WARNING: [WRN][Replay] replay metadata has an invalid schema
     at: push_warning (core/variant/variant_utility.cpp:1033)
     GDScript backtrace (most recent call first):
         [0] _write (res://src/core/logger.gd:75)
         [1] w (res://src/core/logger.gd:34)
         [2] from_dict (res://src/replay/replay_data.gd:294)
         [3] run (res://tests/suites/test_replay_schema.gd:45)
         [4] _ready (res://tests/test_runner.gd:204)
         [5] run (res://tests/suites/test_replay_recovery_resume.gd:67)
         [6] recover_library (res://src/replay/replay_store.gd:180)
WARNING: [WRN][Replay] replay metadata has an invalid schema
     at: push_warning (core/variant/variant_utility.cpp:1033)
     GDScript backtrace (most recent call first):
         [0] _write (res://src/core/logger.gd:75)
         [1] w (res://src/core/logger.gd:34)
         [2] from_dict (res://src/replay/replay_data.gd:294)
         [3] run (res://tests/suites/test_replay_schema.gd:45)
         [4] _ready (res://tests/test_runner.gd:204)
         [5] run (res://tests/suites/test_replay_recovery_resume.gd:67)
         [6] recover_library (res://src/replay/replay_store.gd:180)
WARNING: [WRN][Replay] replay metadata has an invalid schema
     at: push_warning (core/variant/variant_utility.cpp:1033)
     GDScript backtrace (most recent call first):
         [0] _write (res://src/core/logger.gd:75)
         [1] w (res://src/core/logger.gd:34)
         [2] from_dict (res://src/replay/replay_data.gd:294)
         [3] run (res://tests/suites/test_replay_schema.gd:48)
         [4] _ready (res://tests/test_runner.gd:204)
         [5] run (res://tests/suites/test_replay_recovery_resume.gd:67)
         [6] recover_library (res://src/replay/replay_store.gd:180)
WARNING: [WRN][Replay] replay metadata has an invalid schema
     at: push_warning (core/variant/variant_utility.cpp:1033)
     GDScript backtrace (most recent call first):
         [0] _write (res://src/core/logger.gd:75)
         [1] w (res://src/core/logger.gd:34)
         [2] from_dict (res://src/replay/replay_data.gd:294)
         [3] run (res://tests/suites/test_replay_schema.gd:52)
         [4] _ready (res://tests/test_runner.gd:204)
         [5] run (res://tests/suites/test_replay_recovery_resume.gd:67)
         [6] recover_library (res://src/replay/replay_store.gd:180)
WARNING: [WRN][Replay] replay metadata has an invalid schema
     at: push_warning (core/variant/variant_utility.cpp:1033)
     GDScript backtrace (most recent call first):
         [0] _write (res://src/core/logger.gd:75)
         [1] w (res://src/core/logger.gd:34)
         [2] from_dict (res://src/replay/replay_data.gd:294)
         [3] run (res://tests/suites/test_replay_schema.gd:52)
         [4] _ready (res://tests/test_runner.gd:204)
         [5] run (res://tests/suites/test_replay_recovery_resume.gd:67)
         [6] recover_library (res://src/replay/replay_store.gd:180)
WARNING: [WRN][Replay] replay metadata has an invalid schema
     at: push_warning (core/variant/variant_utility.cpp:1033)
     GDScript backtrace (most recent call first):
         [0] _write (res://src/core/logger.gd:75)
         [1] w (res://src/core/logger.gd:34)
         [2] from_dict (res://src/replay/replay_data.gd:294)
         [3] run (res://tests/suites/test_replay_schema.gd:56)
         [4] _ready (res://tests/test_runner.gd:204)
         [5] run (res://tests/suites/test_replay_recovery_resume.gd:67)
         [6] recover_library (res://src/replay/replay_store.gd:180)
WARNING: [WRN][Replay] replay metadata has an invalid schema
     at: push_warning (core/variant/variant_utility.cpp:1033)
     GDScript backtrace (most recent call first):
         [0] _write (res://src/core/logger.gd:75)
         [1] w (res://src/core/logger.gd:34)
         [2] from_dict (res://src/replay/replay_data.gd:294)
         [3] run (res://tests/suites/test_replay_schema.gd:56)
         [4] _ready (res://tests/test_runner.gd:204)
         [5] run (res://tests/suites/test_replay_recovery_resume.gd:67)
         [6] recover_library (res://src/replay/replay_store.gd:180)
WARNING: [WRN][Replay] replay metadata has an invalid schema
     at: push_warning (core/variant/variant_utility.cpp:1033)
     GDScript backtrace (most recent call first):
         [0] _write (res://src/core/logger.gd:75)
         [1] w (res://src/core/logger.gd:34)
         [2] from_dict (res://src/replay/replay_data.gd:294)
         [3] run (res://tests/suites/test_replay_schema.gd:56)
         [4] _ready (res://tests/test_runner.gd:204)
         [5] run (res://tests/suites/test_replay_recovery_resume.gd:67)
         [6] recover_library (res://src/replay/replay_store.gd:180)
WARNING: [WRN][Replay] replay metadata has an invalid schema
     at: push_warning (core/variant/variant_utility.cpp:1033)
     GDScript backtrace (most recent call first):
         [0] _write (res://src/core/logger.gd:75)
         [1] w (res://src/core/logger.gd:34)
         [2] from_dict (res://src/replay/replay_data.gd:294)
         [3] run (res://tests/suites/test_replay_schema.gd:56)
         [4] _ready (res://tests/test_runner.gd:204)
         [5] run (res://tests/suites/test_replay_recovery_resume.gd:67)
         [6] recover_library (res://src/replay/replay_store.gd:180)
WARNING: [WRN][Replay] replay metadata has an invalid schema
     at: push_warning (core/variant/variant_utility.cpp:1033)
     GDScript backtrace (most recent call first):
         [0] _write (res://src/core/logger.gd:75)
         [1] w (res://src/core/logger.gd:34)
         [2] from_dict (res://src/replay/replay_data.gd:294)
         [3] run (res://tests/suites/test_replay_schema.gd:61)
         [4] _ready (res://tests/test_runner.gd:204)
         [5] run (res://tests/suites/test_replay_recovery_resume.gd:67)
         [6] recover_library (res://src/replay/replay_store.gd:180)
WARNING: [WRN][Replay] replay metadata has an invalid schema
     at: push_warning (core/variant/variant_utility.cpp:1033)
     GDScript backtrace (most recent call first):
         [0] _write (res://src/core/logger.gd:75)
         [1] w (res://src/core/logger.gd:34)
         [2] from_dict (res://src/replay/replay_data.gd:294)
         [3] run (res://tests/suites/test_replay_schema.gd:61)
         [4] _ready (res://tests/test_runner.gd:204)
         [5] run (res://tests/suites/test_replay_recovery_resume.gd:67)
         [6] recover_library (res://src/replay/replay_store.gd:180)
WARNING: [WRN][Replay] replay metadata has an invalid schema
     at: push_warning (core/variant/variant_utility.cpp:1033)
     GDScript backtrace (most recent call first):
         [0] _write (res://src/core/logger.gd:75)
         [1] w (res://src/core/logger.gd:34)
         [2] from_dict (res://src/replay/replay_data.gd:294)
         [3] run (res://tests/suites/test_replay_schema.gd:61)
         [4] _ready (res://tests/test_runner.gd:204)
         [5] run (res://tests/suites/test_replay_recovery_resume.gd:67)
         [6] recover_library (res://src/replay/replay_store.gd:180)
WARNING: [WRN][Replay] replay metadata has an invalid schema
     at: push_warning (core/variant/variant_utility.cpp:1033)
     GDScript backtrace (most recent call first):
         [0] _write (res://src/core/logger.gd:75)
         [1] w (res://src/core/logger.gd:34)
         [2] from_dict (res://src/replay/replay_data.gd:294)
         [3] run (res://tests/suites/test_replay_schema.gd:61)
         [4] _ready (res://tests/test_runner.gd:204)
         [5] run (res://tests/suites/test_replay_recovery_resume.gd:67)
         [6] recover_library (res://src/replay/replay_store.gd:180)
WARNING: [WRN][Replay] replay metadata has an invalid schema
     at: push_warning (core/variant/variant_utility.cpp:1033)
     GDScript backtrace (most recent call first):
         [0] _write (res://src/core/logger.gd:75)
         [1] w (res://src/core/logger.gd:34)
         [2] from_dict (res://src/replay/replay_data.gd:294)
         [3] load_replay (res://src/replay/replay_store.gd:299)
         [4] run (res://tests/suites/test_replay_schema.gd:72)
         [5] _ready (res://tests/test_runner.gd:204)
         [6] run (res://tests/suites/test_replay_recovery_resume.gd:67)
         [7] recover_library (res://src/replay/replay_store.gd:180)
WARNING: [WRN][Replay] replay metadata has an invalid schema
     at: push_warning (core/variant/variant_utility.cpp:1033)
     GDScript backtrace (most recent call first):
         [0] _write (res://src/core/logger.gd:75)
         [1] w (res://src/core/logger.gd:34)
         [2] from_dict (res://src/replay/replay_data.gd:294)
         [3] load_replay (res://src/replay/replay_store.gd:299)
         [4] run (res://tests/suites/test_replay_schema.gd:72)
         [5] _ready (res://tests/test_runner.gd:204)
         [6] run (res://tests/suites/test_replay_recovery_resume.gd:67)
         [7] recover_library (res://src/replay/replay_store.gd:180)
WARNING: [WRN][Replay] replay metadata has an invalid schema
     at: push_warning (core/variant/variant_utility.cpp:1033)
     GDScript backtrace (most recent call first):
         [0] _write (res://src/core/logger.gd:75)
         [1] w (res://src/core/logger.gd:34)
         [2] from_dict (res://src/replay/replay_data.gd:294)
         [3] load_replay (res://src/replay/replay_store.gd:299)
         [4] run (res://tests/suites/test_replay_schema.gd:72)
         [5] _ready (res://tests/test_runner.gd:204)
         [6] run (res://tests/suites/test_replay_recovery_resume.gd:67)
         [7] recover_library (res://src/replay/replay_store.gd:180)
WARNING: [WRN][Replay] replay metadata has an invalid schema
     at: push_warning (core/variant/variant_utility.cpp:1033)
     GDScript backtrace (most recent call first):
         [0] _write (res://src/core/logger.gd:75)
         [1] w (res://src/core/logger.gd:34)
         [2] from_dict (res://src/replay/replay_data.gd:294)
         [3] load_replay (res://src/replay/replay_store.gd:299)
         [4] run (res://tests/suites/test_replay_schema.gd:72)
         [5] _ready (res://tests/test_runner.gd:204)
         [6] run (res://tests/suites/test_replay_recovery_resume.gd:67)
         [7] recover_library (res://src/replay/replay_store.gd:180)
WARNING: [WRN][Replay] replay metadata has an invalid schema
     at: push_warning (core/variant/variant_utility.cpp:1033)
     GDScript backtrace (most recent call first):
         [0] _write (res://src/core/logger.gd:75)
         [1] w (res://src/core/logger.gd:34)
         [2] from_dict (res://src/replay/replay_data.gd:294)
         [3] load_replay (res://src/replay/replay_store.gd:299)
         [4] run (res://tests/suites/test_replay_schema.gd:72)
         [5] _ready (res://tests/test_runner.gd:204)
         [6] run (res://tests/suites/test_replay_recovery_resume.gd:67)
         [7] recover_library (res://src/replay/replay_store.gd:180)
WARNING: [WRN][Replay] replay metadata has an invalid schema
     at: push_warning (core/variant/variant_utility.cpp:1033)
     GDScript backtrace (most recent call first):
         [0] _write (res://src/core/logger.gd:75)
         [1] w (res://src/core/logger.gd:34)
         [2] from_dict (res://src/replay/replay_data.gd:294)
         [3] load_replay (res://src/replay/replay_store.gd:299)
         [4] run (res://tests/suites/test_replay_schema.gd:72)
         [5] _ready (res://tests/test_runner.gd:204)
         [6] run (res://tests/suites/test_replay_recovery_resume.gd:67)
         [7] recover_library (res://src/replay/replay_store.gd:180)

── replay payload integrity ────────────────────────────────────
WARNING: [WRN][Replay] replay binary channels are incomplete or invalid
     at: push_warning (core/variant/variant_utility.cpp:1033)
     GDScript backtrace (most recent call first):
         [0] _write (res://src/core/logger.gd:75)
         [1] w (res://src/core/logger.gd:34)
         [2] from_dict (res://src/replay/replay_data.gd:302)
         [3] run (res://tests/suites/test_replay_payload.gd:24)
         [4] _ready (res://tests/test_runner.gd:204)
         [5] run (res://tests/suites/test_replay_recovery_resume.gd:67)
         [6] recover_library (res://src/replay/replay_store.gd:180)
WARNING: [WRN][Replay] replay binary channels are incomplete or invalid
     at: push_warning (core/variant/variant_utility.cpp:1033)
     GDScript backtrace (most recent call first):
         [0] _write (res://src/core/logger.gd:75)
         [1] w (res://src/core/logger.gd:34)
         [2] from_dict (res://src/replay/replay_data.gd:302)
         [3] run (res://tests/suites/test_replay_payload.gd:24)
         [4] _ready (res://tests/test_runner.gd:204)
         [5] run (res://tests/suites/test_replay_recovery_resume.gd:67)
         [6] recover_library (res://src/replay/replay_store.gd:180)
WARNING: [WRN][Replay] replay binary channels are incomplete or invalid
     at: push_warning (core/variant/variant_utility.cpp:1033)
     GDScript backtrace (most recent call first):
         [0] _write (res://src/core/logger.gd:75)
         [1] w (res://src/core/logger.gd:34)
         [2] from_dict (res://src/replay/replay_data.gd:302)
         [3] run (res://tests/suites/test_replay_payload.gd:28)
         [4] _ready (res://tests/test_runner.gd:204)
         [5] run (res://tests/suites/test_replay_recovery_resume.gd:67)
         [6] recover_library (res://src/replay/replay_store.gd:180)
WARNING: [WRN][Replay] replay binary channels are incomplete or invalid
     at: push_warning (core/variant/variant_utility.cpp:1033)
     GDScript backtrace (most recent call first):
         [0] _write (res://src/core/logger.gd:75)
         [1] w (res://src/core/logger.gd:34)
         [2] from_dict (res://src/replay/replay_data.gd:302)
         [3] run (res://tests/suites/test_replay_payload.gd:32)
         [4] _ready (res://tests/test_runner.gd:204)
         [5] run (res://tests/suites/test_replay_recovery_resume.gd:67)
         [6] recover_library (res://src/replay/replay_store.gd:180)
WARNING: [WRN][Replay] replay binary channels are incomplete or invalid
     at: push_warning (core/variant/variant_utility.cpp:1033)
     GDScript backtrace (most recent call first):
         [0] _write (res://src/core/logger.gd:75)
         [1] w (res://src/core/logger.gd:34)
         [2] from_dict (res://src/replay/replay_data.gd:302)
         [3] run (res://tests/suites/test_replay_payload.gd:35)
         [4] _ready (res://tests/test_runner.gd:204)
         [5] run (res://tests/suites/test_replay_recovery_resume.gd:67)
         [6] recover_library (res://src/replay/replay_store.gd:180)
WARNING: [WRN][Replay] replay binary channels are incomplete or invalid
     at: push_warning (core/variant/variant_utility.cpp:1033)
     GDScript backtrace (most recent call first):
         [0] _write (res://src/core/logger.gd:75)
         [1] w (res://src/core/logger.gd:34)
         [2] from_dict (res://src/replay/replay_data.gd:302)
         [3] run (res://tests/suites/test_replay_payload.gd:52)
         [4] _ready (res://tests/test_runner.gd:204)
         [5] run (res://tests/suites/test_replay_recovery_resume.gd:67)
         [6] recover_library (res://src/replay/replay_store.gd:180)
WARNING: [WRN][Replay] replay binary channels are incomplete or invalid
     at: push_warning (core/variant/variant_utility.cpp:1033)
     GDScript backtrace (most recent call first):
         [0] _write (res://src/core/logger.gd:75)
         [1] w (res://src/core/logger.gd:34)
         [2] from_dict (res://src/replay/replay_data.gd:302)
         [3] run (res://tests/suites/test_replay_payload.gd:52)
         [4] _ready (res://tests/test_runner.gd:204)
         [5] run (res://tests/suites/test_replay_recovery_resume.gd:67)
         [6] recover_library (res://src/replay/replay_store.gd:180)
WARNING: [WRN][Replay] replay binary channels are incomplete or invalid
     at: push_warning (core/variant/variant_utility.cpp:1033)
     GDScript backtrace (most recent call first):
         [0] _write (res://src/core/logger.gd:75)
         [1] w (res://src/core/logger.gd:34)
         [2] from_dict (res://src/replay/replay_data.gd:302)
         [3] run (res://tests/suites/test_replay_payload.gd:52)
         [4] _ready (res://tests/test_runner.gd:204)
         [5] run (res://tests/suites/test_replay_recovery_resume.gd:67)
         [6] recover_library (res://src/replay/replay_store.gd:180)
WARNING: [WRN][Replay] replay binary channels are incomplete or invalid
     at: push_warning (core/variant/variant_utility.cpp:1033)
     GDScript backtrace (most recent call first):
         [0] _write (res://src/core/logger.gd:75)
         [1] w (res://src/core/logger.gd:34)
         [2] from_dict (res://src/replay/replay_data.gd:302)
         [3] run (res://tests/suites/test_replay_payload.gd:52)
         [4] _ready (res://tests/test_runner.gd:204)
         [5] run (res://tests/suites/test_replay_recovery_resume.gd:67)
         [6] recover_library (res://src/replay/replay_store.gd:180)
WARNING: [WRN][Replay] replay binary channels are incomplete or invalid
     at: push_warning (core/variant/variant_utility.cpp:1033)
     GDScript backtrace (most recent call first):
         [0] _write (res://src/core/logger.gd:75)
         [1] w (res://src/core/logger.gd:34)
         [2] from_dict (res://src/replay/replay_data.gd:302)
         [3] run (res://tests/suites/test_replay_payload.gd:52)
         [4] _ready (res://tests/test_runner.gd:204)
         [5] run (res://tests/suites/test_replay_recovery_resume.gd:67)
         [6] recover_library (res://src/replay/replay_store.gd:180)
WARNING: [WRN][Replay] replay binary channels are incomplete or invalid
     at: push_warning (core/variant/variant_utility.cpp:1033)
     GDScript backtrace (most recent call first):
         [0] _write (res://src/core/logger.gd:75)
         [1] w (res://src/core/logger.gd:34)
         [2] from_dict (res://src/replay/replay_data.gd:302)
         [3] run (res://tests/suites/test_replay_payload.gd:52)
         [4] _ready (res://tests/test_runner.gd:204)
         [5] run (res://tests/suites/test_replay_recovery_resume.gd:67)
         [6] recover_library (res://src/replay/replay_store.gd:180)
WARNING: [WRN][Replay] replay binary channels are incomplete or invalid
     at: push_warning (core/variant/variant_utility.cpp:1033)
     GDScript backtrace (most recent call first):
         [0] _write (res://src/core/logger.gd:75)
         [1] w (res://src/core/logger.gd:34)
         [2] from_dict (res://src/replay/replay_data.gd:302)
         [3] run (res://tests/suites/test_replay_payload.gd:52)
         [4] _ready (res://tests/test_runner.gd:204)
         [5] run (res://tests/suites/test_replay_recovery_resume.gd:67)
         [6] recover_library (res://src/replay/replay_store.gd:180)
WARNING: [WRN][Replay] replay binary channels are incomplete or invalid
     at: push_warning (core/variant/variant_utility.cpp:1033)
     GDScript backtrace (most recent call first):
         [0] _write (res://src/core/logger.gd:75)
         [1] w (res://src/core/logger.gd:34)
         [2] from_dict (res://src/replay/replay_data.gd:302)
         [3] run (res://tests/suites/test_replay_payload.gd:52)
         [4] _ready (res://tests/test_runner.gd:204)
         [5] run (res://tests/suites/test_replay_recovery_resume.gd:67)
         [6] recover_library (res://src/replay/replay_store.gd:180)
WARNING: [WRN][Replay] replay binary channels are incomplete or invalid
     at: push_warning (core/variant/variant_utility.cpp:1033)
     GDScript backtrace (most recent call first):
         [0] _write (res://src/core/logger.gd:75)
         [1] w (res://src/core/logger.gd:34)
         [2] from_dict (res://src/replay/replay_data.gd:302)
         [3] run (res://tests/suites/test_replay_payload.gd:52)
         [4] _ready (res://tests/test_runner.gd:204)
         [5] run (res://tests/suites/test_replay_recovery_resume.gd:67)
         [6] recover_library (res://src/replay/replay_store.gd:180)
WARNING: [WRN][Replay] replay binary channels are incomplete or invalid
     at: push_warning (core/variant/variant_utility.cpp:1033)
     GDScript backtrace (most recent call first):
         [0] _write (res://src/core/logger.gd:75)
         [1] w (res://src/core/logger.gd:34)
         [2] from_dict (res://src/replay/replay_data.gd:302)
         [3] run (res://tests/suites/test_replay_payload.gd:52)
         [4] _ready (res://tests/test_runner.gd:204)
         [5] run (res://tests/suites/test_replay_recovery_resume.gd:67)
         [6] recover_library (res://src/replay/replay_store.gd:180)
WARNING: [WRN][Replay] replay binary channels are incomplete or invalid
     at: push_warning (core/variant/variant_utility.cpp:1033)
     GDScript backtrace (most recent call first):
         [0] _write (res://src/core/logger.gd:75)
         [1] w (res://src/core/logger.gd:34)
         [2] from_dict (res://src/replay/replay_data.gd:302)
         [3] run (res://tests/suites/test_replay_payload.gd:52)
         [4] _ready (res://tests/test_runner.gd:204)
         [5] run (res://tests/suites/test_replay_recovery_resume.gd:67)
         [6] recover_library (res://src/replay/replay_store.gd:180)
WARNING: [WRN][Replay] replay binary channels are incomplete or invalid
     at: push_warning (core/variant/variant_utility.cpp:1033)
     GDScript backtrace (most recent call first):
         [0] _write (res://src/core/logger.gd:75)
         [1] w (res://src/core/logger.gd:34)
         [2] from_dict (res://src/replay/replay_data.gd:302)
         [3] run (res://tests/suites/test_replay_payload.gd:52)
         [4] _ready (res://tests/test_runner.gd:204)
         [5] run (res://tests/suites/test_replay_recovery_resume.gd:67)
         [6] recover_library (res://src/replay/replay_store.gd:180)
WARNING: [WRN][Replay] replay binary channels are incomplete or invalid
     at: push_warning (core/variant/variant_utility.cpp:1033)
     GDScript backtrace (most recent call first):
         [0] _write (res://src/core/logger.gd:75)
         [1] w (res://src/core/logger.gd:34)
         [2] from_dict (res://src/replay/replay_data.gd:302)
         [3] run (res://tests/suites/test_replay_payload.gd:52)
         [4] _ready (res://tests/test_runner.gd:204)
         [5] run (res://tests/suites/test_replay_recovery_resume.gd:67)
         [6] recover_library (res://src/replay/replay_store.gd:180)
WARNING: [WRN][Replay] replay binary channels are incomplete or invalid
     at: push_warning (core/variant/variant_utility.cpp:1033)
     GDScript backtrace (most recent call first):
         [0] _write (res://src/core/logger.gd:75)
         [1] w (res://src/core/logger.gd:34)
         [2] from_dict (res://src/replay/replay_data.gd:302)
         [3] run (res://tests/suites/test_replay_payload.gd:52)
         [4] _ready (res://tests/test_runner.gd:204)
         [5] run (res://tests/suites/test_replay_recovery_resume.gd:67)
         [6] recover_library (res://src/replay/replay_store.gd:180)

── replay atomic storage and budgets ───────────────────────────
[INF][Replay] saved replay storage_test (0.0s, 0.4 KB)
WARNING: [WRN][Replay] cannot prepare replay storage_test for write
     at: push_warning (core/variant/variant_utility.cpp:1033)
     GDScript backtrace (most recent call first):
         [0] _write (res://src/core/logger.gd:75)
         [1] w (res://src/core/logger.gd:34)
         [2] _write_atomic (res://src/replay/replay_store.gd:228)
         [3] save (res://src/replay/replay_store.gd:202)
         [4] run (res://tests/suites/test_replay_storage.gd:22)
         [5] _ready (res://tests/test_runner.gd:204)
         [6] run (res://tests/suites/test_replay_recovery_resume.gd:67)
         [7] recover_library (res://src/replay/replay_store.gd:180)
[INF][Replay] saved replay storage_test (0.0s, 0.4 KB)
WARNING: [WRN][Replay] cannot commit replay storage_blocked_destination; previous recording retained
     at: push_warning (core/variant/variant_utility.cpp:1033)
     GDScript backtrace (most recent call first):
         [0] _write (res://src/core/logger.gd:75)
         [1] w (res://src/core/logger.gd:34)
         [2] _write_atomic (res://src/replay/replay_store.gd:239)
         [3] run (res://tests/suites/test_replay_storage.gd:41)
         [4] _ready (res://tests/test_runner.gd:204)
         [5] run (res://tests/suites/test_replay_recovery_resume.gd:67)
         [6] recover_library (res://src/replay/replay_store.gd:180)
WARNING: [WRN][Replay] replay storage_oversized exceeds the file read budget
     at: push_warning (core/variant/variant_utility.cpp:1033)
     GDScript backtrace (most recent call first):
         [0] _write (res://src/core/logger.gd:75)
         [1] w (res://src/core/logger.gd:34)
         [2] load_replay (res://src/replay/replay_store.gd:288)
         [3] run (res://tests/suites/test_replay_storage.gd:54)
         [4] _ready (res://tests/test_runner.gd:204)
         [5] run (res://tests/suites/test_replay_recovery_resume.gd:67)
         [6] recover_library (res://src/replay/replay_store.gd:180)
[INF][Replay] saved replay storage_budget_0 (0.0s, 0.4 KB)
[INF][Replay] saved replay storage_budget_1 (0.0s, 0.4 KB)
[INF][Replay] saved replay storage_budget_2 (0.0s, 0.4 KB)

── replay newest recording retention ───────────────────────────
[INF][Replay] saved replay retained_highlight_00 (0.0s, 1.0 KB)
[INF][Replay] saved replay retained_highlight_01 (0.0s, 1.0 KB)
[INF][Replay] saved replay retained_highlight_02 (0.0s, 1.0 KB)
[INF][Replay] saved replay retained_highlight_03 (0.0s, 1.0 KB)
[INF][Replay] saved replay retained_highlight_04 (0.0s, 1.0 KB)
[INF][Replay] saved replay retained_highlight_05 (0.0s, 1.0 KB)
[INF][Replay] saved replay retained_highlight_06 (0.0s, 1.0 KB)
[INF][Replay] saved replay retained_highlight_07 (0.0s, 1.0 KB)
[INF][Replay] saved replay retained_highlight_08 (0.0s, 1.0 KB)
[INF][Replay] saved replay retained_highlight_09 (0.0s, 1.0 KB)
[INF][Replay] saved replay retained_highlight_10 (0.0s, 1.0 KB)
[INF][Replay] saved replay retained_highlight_11 (0.0s, 1.0 KB)
[INF][Replay] saved replay retained_highlight_12 (0.0s, 1.0 KB)
[INF][Replay] saved replay retained_highlight_13 (0.0s, 1.0 KB)
[INF][Replay] saved replay retained_highlight_14 (0.0s, 1.0 KB)
[INF][Replay] saved replay retained_highlight_15 (0.0s, 1.0 KB)
[INF][Replay] saved replay retained_highlight_16 (0.0s, 1.0 KB)
[INF][Replay] saved replay retained_highlight_17 (0.0s, 1.0 KB)
[INF][Replay] saved replay retained_highlight_18 (0.0s, 1.0 KB)
[INF][Replay] saved replay retained_highlight_19 (0.0s, 1.0 KB)
[INF][Replay] saved replay retained_highlight_20 (0.0s, 1.0 KB)
[INF][Replay] saved replay retained_highlight_21 (0.0s, 1.0 KB)
[INF][Replay] saved replay retained_highlight_22 (0.0s, 1.0 KB)
[INF][Replay] saved replay retained_highlight_23 (0.0s, 1.0 KB)
[INF][Replay] saved replay retained_highlight_24 (0.0s, 1.0 KB)
[INF][Replay] saved replay retained_highlight_25 (0.0s, 1.0 KB)
[INF][Replay] saved replay retained_highlight_26 (0.0s, 1.0 KB)
[INF][Replay] saved replay retained_highlight_27 (0.0s, 1.0 KB)
[INF][Replay] saved replay retained_highlight_28 (0.0s, 1.0 KB)
[INF][Replay] saved replay retained_highlight_29 (0.0s, 1.0 KB)
[INF][Replay] saved replay retained_highlight_30 (0.0s, 1.0 KB)
[INF][Replay] saved replay retained_highlight_31 (0.0s, 1.0 KB)
[INF][Replay] saved replay retained_highlight_32 (0.0s, 1.0 KB)
[INF][Replay] saved replay retained_highlight_33 (0.0s, 1.0 KB)
[INF][Replay] saved replay retained_highlight_34 (0.0s, 1.0 KB)
[INF][Replay] saved replay retained_highlight_35 (0.0s, 1.0 KB)
[INF][Replay] saved replay retained_highlight_36 (0.0s, 1.0 KB)
[INF][Replay] saved replay retained_highlight_37 (0.0s, 1.0 KB)
[INF][Replay] saved replay retained_highlight_38 (0.0s, 1.0 KB)
[INF][Replay] saved replay retained_highlight_39 (0.0s, 1.0 KB)
[INF][Replay] saved replay newest_plain_recording (0.0s, 1.0 KB)

── replay future-save protection ───────────────────────────────
[INF][Replay] saved replay protected_recording (0.0s, 0.4 KB)
WARNING: [WRN][Save] slot 'profile' uses a newer schema; keeping its files read-only
     at: push_warning (core/variant/variant_utility.cpp:1033)
     GDScript backtrace (most recent call first):
         [0] _write (res://src/core/logger.gd:75)
         [1] w (res://src/core/logger.gd:34)
         [2] _protect_newer (res://src/save/save_system.gd:384)
         [3] load_slot (res://src/save/save_system.gd:278)
         [4] run (res://tests/suites/test_replay_future_save.gd:33)
         [5] _ready (res://tests/test_runner.gd:204)
         [6] run (res://tests/suites/test_replay_retention.gd:73)
[INF][Replay] saved replay protected_recording (0.0s, 0.4 KB)
WARNING: [WRN][Save] slot 'profile' uses a newer schema; keeping its files read-only
     at: push_warning (core/variant/variant_utility.cpp:1033)
     GDScript backtrace (most recent call first):
         [0] _write (res://src/core/logger.gd:75)
         [1] w (res://src/core/logger.gd:34)
         [2] _protect_newer (res://src/save/save_system.gd:384)
         [3] _protect_newer_on_disk (res://src/save/save_system.gd:375)
         [4] can_write (res://src/save/save_system.gd:233)
         [5] _can_mutate (res://src/replay/replay_store.gd:338)
         [6] save (res://src/replay/replay_store.gd:198)
         [7] run (res://tests/suites/test_replay_future_save.gd:40)
         [8] _ready (res://tests/test_runner.gd:204)
         [9] run (res://tests/suites/test_replay_retention.gd:73)
[INF][Replay] saved replay protected_recording (0.0s, 0.4 KB)
WARNING: [WRN][Save] slot 'profile' uses a newer schema; keeping its files read-only
     at: push_warning (core/variant/variant_utility.cpp:1033)
     GDScript backtrace (most recent call first):
         [0] _write (res://src/core/logger.gd:75)
         [1] w (res://src/core/logger.gd:34)
         [2] _protect_newer (res://src/save/save_system.gd:384)
         [3] _protect_newer_on_disk (res://src/save/save_system.gd:375)
         [4] can_write (res://src/save/save_system.gd:233)
         [5] _can_mutate (res://src/replay/replay_store.gd:338)
         [6] save (res://src/replay/replay_store.gd:198)
         [7] run (res://tests/suites/test_replay_future_save.gd:40)
         [8] _ready (res://tests/test_runner.gd:204)
         [9] run (res://tests/suites/test_replay_retention.gd:73)

── playlist & party presets ────────────────────────────────────
TEST_START: playlist & party presets / generate() honours the requested count and is seed-stable
TEST_START: playlist & party presets / a different seed can produce a different schedule
TEST_START: playlist & party presets / an empty pool produces an empty schedule, not a crash
TEST_START: playlist & party presets / no two consecutive entries share a category when the pool allows it
TEST_START: playlist & party presets / a single-category pool does not deadlock — it just repeats
TEST_START: playlist & party presets / a game with several arenas avoids repeating the immediately previous one
TEST_START: playlist & party presets / preset ids come from data, not code
TEST_START: playlist & party presets / from_preset() honours each preset's own shape
TEST_START: playlist & party presets / a category-filtered preset only draws from its categories
TEST_START: playlist & party presets / an unknown preset id degrades to a sane default instead of an empty schedule
WARNING: [WRN][Playlist] unknown party preset 'does_not_exist'
     at: push_warning (core/variant/variant_utility.cpp:1033)
     GDScript backtrace (most recent call first):
         [0] _write (res://src/core/logger.gd:75)
         [1] w (res://src/core/logger.gd:34)
         [2] from_preset (res://src/match/playlist_generator.gd:32)
         [3] _presets_match_data (res://tests/suites/test_playlist.gd:113)
         [4] run (res://tests/suites/test_playlist.gd:14)
         [5] _ready (res://tests/test_runner.gd:204)
         [6] run (res://tests/suites/test_replay_retention.gd:73)
TEST_START: playlist & party presets / TournamentSession.from_preset() wires games, arenas and modifiers into real configs
TEST_START: playlist & party presets / a session built the old way (no preset) still works — arena falls back to random

── local party core ────────────────────────────────────────────
TEST_START: local party core / unconfigured online endpoint cannot masquerade as a room
WARNING: [WRN][Net] online endpoint is not configured
     at: push_warning (core/variant/variant_utility.cpp:1033)
     GDScript backtrace (most recent call first):
         [0] _write (res://src/core/logger.gd:75)
         [1] w (res://src/core/logger.gd:34)
         [2] host_online (res://src/net/net_service.gd:123)
         [3] _network_boundary (res://tests/suites/test_party.gd:42)
         [4] run (res://tests/suites/test_party.gd:6)
         [5] _ready (res://tests/test_runner.gd:202)
         [6] run (res://tests/suites/test_replay_retention.gd:73)
WARNING: [WRN][Net] online endpoint is not configured
     at: push_warning (core/variant/variant_utility.cpp:1033)
     GDScript backtrace (most recent call first):
         [0] _write (res://src/core/logger.gd:75)
         [1] w (res://src/core/logger.gd:34)
         [2] join_online (res://src/net/net_service.gd:133)
         [3] _network_boundary (res://tests/suites/test_party.gd:43)
         [4] run (res://tests/suites/test_party.gd:6)
         [5] _ready (res://tests/test_runner.gd:202)
         [6] run (res://tests/suites/test_replay_retention.gd:73)
TEST_START: local party core / local lobby enforces capacity, readiness and match roster
TEST_START: local party core / one short cup, one optional double final, no duplicate rewards
TEST_START: local party core / tied leaders play a separate remapped reaction round
TEST_START: local party core / repeated true draws terminate fairly
TEST_START: local party core / aborted and malformed results never advance the cup
TEST_START: local party core / short party races explicitly opt in without changing ordinary races
TEST_START: local party core / first-to-cups ends early and ranks by cups, not points
TEST_START: local party core / simultaneous cup target launches a deciding round
TEST_START: local party core / legacy tournament save restores as fixed-points mode
TEST_START: local party core / JSON round trip resumes the exact next game and rules
TEST_START: local party core / favorites are unique, local, and exclude bosses
TEST_START: local party core / battery saver is a reversible effective override
TEST_START: local party core / every named human earns their own stats; guests earn no host stats
TEST_START: local party core / eight recognizable archetypes with bounded perks and equal budgets
TEST_START: local party core / all game controls fit separate local regions in both orientations
TEST_START: local party core / four touch sources keep fingers and input frames independent
TEST_START: local party core / global touch events isolate four simultaneous movement and fire controls in both orientations
TEST_START: local party core / pooled shells reset variant state
TEST_START: local party core / tank ammo variants use the same match and bounded projectile pool
TEST_START: local party core / background pause releases every finger and settings preserve the match
TEST_START: local party core / wide local arenas frame every competitor outside touch and score strips
TEST_START: local party core / collector skill chooses less-contested visible loot without hidden buffs
TEST_START: local party core / base default methods do not count as a game's scoring implementation

── tournament checkpoint integrity ─────────────────────────────

── screen transition recovery ──────────────────────────────────
ERROR: [ERR][Router] failed to load screen script for 'main_menu'
   at: push_error (core/variant/variant_utility.cpp:1023)
   GDScript backtrace (most recent call first):
       [0] _write (res://src/core/logger.gd:73)
       [1] e (res://src/core/logger.gd:38)
       [2] _swap (res://src/core/scene_router.gd:263)
       [3] go_to (res://src/core/scene_router.gd:138)
       [4] run (res://tests/suites/test_router_recovery.gd:17)
       [5] _ready (res://tests/test_runner.gd:202)
       [6] run (res://tests/suites/test_party.gd:20)
       [7] _collector_decisions (res://tests/suites/test_party.gd:555)
ERROR: [ERR][Router] failed to load screen script for 'main_menu'
   at: push_error (core/variant/variant_utility.cpp:1023)
   GDScript backtrace (most recent call first):
       [0] _write (res://src/core/logger.gd:73)
       [1] e (res://src/core/logger.gd:38)
       [2] _swap (res://src/core/scene_router.gd:263)
       [3] go_to (res://src/core/scene_router.gd:138)
       [4] back (res://src/core/scene_router.gd:239)
       [5] run (res://tests/suites/test_router_recovery.gd:25)
       [6] _ready (res://tests/test_runner.gd:202)
       [7] run (res://tests/suites/test_party.gd:20)
       [8] _collector_decisions (res://tests/suites/test_party.gd:555)
[DBG][Router] screen -> main_menu
ERROR: [ERR][Router] failed to load screen script for 'main_menu'
   at: push_error (core/variant/variant_utility.cpp:1023)
   GDScript backtrace (most recent call first):
       [0] _write (res://src/core/logger.gd:73)
       [1] e (res://src/core/logger.gd:38)
       [2] _swap (res://src/core/scene_router.gd:263)
       [3] go_to (res://src/core/scene_router.gd:138)
       [4] back (res://src/core/scene_router.gd:239)
       [5] run (res://tests/suites/test_router_recovery.gd:36)
       [6] _ready (res://tests/test_runner.gd:202)
       [7] run (res://tests/suites/test_party.gd:20)
       [8] _collector_decisions (res://tests/suites/test_party.gd:555)

── rendered performance sampling budget ────────────────────────

── burst node reuse ────────────────────────────────────────────

── boss health HUD ─────────────────────────────────────────────

── HUD numeric direction ───────────────────────────────────────
TEST_START: HUD numeric direction / fractions and localized player names

── live status toast HUD ───────────────────────────────────────

── bundled bilingual UI fonts ──────────────────────────────────

── terrain road distance equivalence ───────────────────────────
ROAD_QUERY_BENCH reference_usec=9905500 production_usec=3418462

── road query conservative bounds ──────────────────────────────

── live arena shadow quality ───────────────────────────────────

── match resource preparation ──────────────────────────────────
[DBG][Router] screen -> main_menu
[DBG][Router] screen -> match
[DBG][Router] screen -> main_menu

── one-round tournament resource prefetch ──────────────────────
[DBG][Router] screen -> main_menu
[DBG][Router] screen -> match
[DBG][Router] screen -> standings
[DBG][Router] screen -> match
[DBG][Router] screen -> main_menu

── online session integrity during resource preparation ────────
WARNING: [WRN][Router] online match changed or could not be prepared
     at: push_warning (core/variant/variant_utility.cpp:1033)
     GDScript backtrace (most recent call first):
         [0] _write (res://src/core/logger.gd:75)
         [1] w (res://src/core/logger.gd:34)
         [2] go_to (res://src/core/scene_router.gd:132)
         [3] _prepare_match (res://tests/suites/test_match_preparation_session.gd:25)
WARNING: [WRN][Router] online match changed or could not be prepared
     at: push_warning (core/variant/variant_utility.cpp:1033)
     GDScript backtrace (most recent call first):
         [0] _write (res://src/core/logger.gd:75)
         [1] w (res://src/core/logger.gd:34)
         [2] go_to (res://src/core/scene_router.gd:132)
         [3] run (res://tests/suites/test_match_preparation_session.gd:50)
WARNING: [WRN][Router] online match changed or could not be prepared
     at: push_warning (core/variant/variant_utility.cpp:1033)
     GDScript backtrace (most recent call first):
         [0] _write (res://src/core/logger.gd:75)
         [1] w (res://src/core/logger.gd:34)
         [2] go_to (res://src/core/scene_router.gd:132)
         [3] _prepare_match (res://tests/suites/test_match_preparation_session.gd:25)
WARNING: [WRN][Router] online match changed or could not be prepared
     at: push_warning (core/variant/variant_utility.cpp:1033)
     GDScript backtrace (most recent call first):
         [0] _write (res://src/core/logger.gd:75)
         [1] w (res://src/core/logger.gd:34)
         [2] go_to (res://src/core/scene_router.gd:132)
         [3] _prepare_match (res://tests/suites/test_match_preparation_session.gd:25)
WARNING: [WRN][Router] online match changed or could not be prepared
     at: push_warning (core/variant/variant_utility.cpp:1033)
     GDScript backtrace (most recent call first):
         [0] _write (res://src/core/logger.gd:75)
         [1] w (res://src/core/logger.gd:34)
         [2] go_to (res://src/core/scene_router.gd:132)
         [3] _prepare_match (res://tests/suites/test_match_preparation_session.gd:25)
WARNING: [WRN][Router] online match changed or could not be prepared
     at: push_warning (core/variant/variant_utility.cpp:1033)
     GDScript backtrace (most recent call first):
         [0] _write (res://src/core/logger.gd:75)
         [1] w (res://src/core/logger.gd:34)
         [2] go_to (res://src/core/scene_router.gd:132)
         [3] _prepare_match (res://tests/suites/test_match_preparation_session.gd:25)
WARNING: [WRN][Router] online match changed or could not be prepared
     at: push_warning (core/variant/variant_utility.cpp:1033)
     GDScript backtrace (most recent call first):
         [0] _write (res://src/core/logger.gd:75)
         [1] w (res://src/core/logger.gd:34)
         [2] go_to (res://src/core/scene_router.gd:132)
         [3] _prepare_match (res://tests/suites/test_match_preparation_session.gd:25)
WARNING: [WRN][Router] online match changed or could not be prepared
     at: push_warning (core/variant/variant_utility.cpp:1033)
     GDScript backtrace (most recent call first):
         [0] _write (res://src/core/logger.gd:75)
         [1] w (res://src/core/logger.gd:34)
         [2] go_to (res://src/core/scene_router.gd:132)
         [3] _prepare_match (res://tests/suites/test_match_preparation_session.gd:25)
WARNING: [WRN][Router] online match changed or could not be prepared
     at: push_warning (core/variant/variant_utility.cpp:1033)
     GDScript backtrace (most recent call first):
         [0] _write (res://src/core/logger.gd:75)
         [1] w (res://src/core/logger.gd:34)
         [2] go_to (res://src/core/scene_router.gd:132)
         [3] _prepare_match (res://tests/suites/test_match_preparation_session.gd:25)
WARNING: [WRN][Router] online match changed or could not be prepared
     at: push_warning (core/variant/variant_utility.cpp:1033)
     GDScript backtrace (most recent call first):
         [0] _write (res://src/core/logger.gd:75)
         [1] w (res://src/core/logger.gd:34)
         [2] go_to (res://src/core/scene_router.gd:132)
         [3] _prepare_match (res://tests/suites/test_match_preparation_session.gd:25)
WARNING: [WRN][Router] online match changed or could not be prepared
     at: push_warning (core/variant/variant_utility.cpp:1033)
     GDScript backtrace (most recent call first):
         [0] _write (res://src/core/logger.gd:75)
         [1] w (res://src/core/logger.gd:34)
         [2] go_to (res://src/core/scene_router.gd:132)
         [3] _prepare_match (res://tests/suites/test_match_preparation_session.gd:25)
WARNING: [WRN][Router] online match changed or could not be prepared
     at: push_warning (core/variant/variant_utility.cpp:1033)
     GDScript backtrace (most recent call first):
         [0] _write (res://src/core/logger.gd:75)
         [1] w (res://src/core/logger.gd:34)
         [2] go_to (res://src/core/scene_router.gd:132)
         [3] _prepare_match (res://tests/suites/test_match_preparation_session.gd:25)

── network failure drains pending resource preparation ─────────

── online start handoff after loading ──────────────────────────

── main menu exit confirmation ─────────────────────────────────
[DBG][Platform] app backgrounded
[DBG][Platform] app foregrounded
[DBG][Platform] app backgrounded
[DBG][Platform] app foregrounded

── party profiles, podium and announcer ────────────────────────
TEST_START: party profiles, podium and announcer / every named participant owns their reward; guests do not
TEST_START: party profiles, podium and announcer / cup awards survive checkpoints and are not a scoring bonus
TEST_START: party profiles, podium and announcer / shared cups recognize all tied profiles once
TEST_START: party profiles, podium and announcer / favorite character and palette are profile-local and serialized
TEST_START: party profiles, podium and announcer / announcer volume is independent and missing voices are harmless
TEST_START: party profiles, podium and announcer / music ducking cannot restore stale volume settings
TEST_START: party profiles, podium and announcer / portable tournament plans contain no local identities
TEST_START: party profiles, podium and announcer / aborted aggregates cannot earn statistics, gems or achievements
TEST_START: party profiles, podium and announcer / flawless means an outright win in every round, not a shared draw
TEST_START: party profiles, podium and announcer / adventure rewards require a completed valid outcome
TEST_START: party profiles, podium and announcer / adventure boss progression requires actual defeat in every round

── mutators ────────────────────────────────────────────────────
TEST_START: mutators / mutually exclusive mutators do not both activate
TEST_START: mutators / a mutator outside its declared categories is rejected
TEST_START: mutators / category-less mutators (e.g. hyper_speed) work in any game
TEST_START: mutators / gravity, speed and size mutators reach the fighter, and reset cleanly
TEST_START: mutators / no_powerups actually disables the power-up spawner
TEST_START: mutators / re-applying with an empty list resets every fighter to baseline
TEST_START: mutators / chaos mode's mid-round schedule is drawn from the match seed, not wall-clock randomness
TEST_START: mutators / chaos swaps the active mutator rather than stacking it

── matches (integration) ───────────────────────────────────────
TEST_START: matches (integration) / high refresh presentation does not accelerate physics
TEST_START: matches (integration) / play tank_arena to completion
[INF][Replay] saved replay 1791442307_6cba4e8bfd0f6bf1de57fa885a6c57e6 (35.0s, 130.3 KB)
TEST_START: matches (integration) / play ring_rumble to completion
[INF][Replay] saved replay 1791442308_539058a5bc0db9e27ca19bb62deb5f2b (21.0s, 78.8 KB)
TEST_START: matches (integration) / play crumble_court to completion
[INF][Replay] saved replay 1791442308_d6b5d0378263c0c972f8ea58b08b660c (8.6s, 33.1 KB)
TEST_START: matches (integration) / play bumper_bowl to completion
[INF][Replay] saved replay 1791442310_75d50ed74a77097424ef8e7736b76f96 (35.0s, 131.5 KB)
TEST_START: matches (integration) / play fawda to completion
[INF][Replay] saved replay 1791442310_89c9c7776b3e2b97642fd5a060358757 (17.6s, 66.1 KB)
TEST_START: matches (integration) / play goal_guard to completion
[INF][Replay] saved replay 1791442311_a8c4966448cd71691dcc6a030c1f4c9c (34.1s, 126.9 KB)
TEST_START: matches (integration) / play magnet_court to completion
[INF][Replay] saved replay 1791442312_00d1366adb226743cf3b5879c054043c (33.7s, 125.3 KB)
TEST_START: matches (integration) / play storm_heart to completion
[INF][Replay] saved replay 1791442312_7815245641d2fc33200586873448dab9 (23.1s, 86.0 KB)
TEST_START: matches (integration) / play sky_court to completion
[INF][Replay] saved replay 1791442313_1ff134cdd5a7d2ced630d725e37a8c8f (27.7s, 103.1 KB)
TEST_START: matches (integration) / play blast_ball to completion
[INF][Replay] saved replay 1791442314_854cc70c7296f1319cbd1bb8655e3c72 (16.1s, 60.3 KB)
TEST_START: matches (integration) / play scrap_karts to completion
[INF][Replay] saved replay 1791442315_bdeaf546e653ba996adbe2f96dd8fccd (24.7s, 92.3 KB)
TEST_START: matches (integration) / play turret_duel to completion
[INF][Replay] saved replay 1791442316_70db823f8869f1be087968bf81dd08f4 (35.0s, 130.3 KB)
TEST_START: matches (integration) / play gem_grab to completion
[INF][Replay] saved replay 1791442317_9b759f8c51242eb2ecc46bcbc35e65ec (5.0s, 19.4 KB)
TEST_START: matches (integration) / play star_rush to completion
[INF][Replay] saved replay 1791442318_d601101b300f8af05c11f23202255efa (35.0s, 130.3 KB)
TEST_START: matches (integration) / play paint_grid to completion
[INF][Replay] saved replay 1791442318_d41cdaa6b855e90ec62538daf3e8ae9b (5.0s, 19.5 KB)
TEST_START: matches (integration) / play mnatiq to completion
[INF][Replay] saved replay 1791442319_f0269bf6a769a15b699d368f9295df4f (5.0s, 19.6 KB)
TEST_START: matches (integration) / play mukharrib to completion
[INF][Replay] saved replay 1791442320_1f2dbbd5ed474b392cf512132864172c (5.0s, 19.5 KB)
TEST_START: matches (integration) / play zone_hold to completion
[INF][Replay] saved replay 1791442323_318ca6065936591b56abe3a0c0b48e54 (35.0s, 130.4 KB)
TEST_START: matches (integration) / play crate_smash to completion
[INF][Replay] saved replay 1791442324_2afc1187f6358f1b56d68015a62165ec (5.0s, 19.5 KB)
TEST_START: matches (integration) / play lab_crates to completion
[INF][Replay] saved replay 1791442327_11b1b6d2051aaeb81186ed18ebbc055a (35.0s, 130.4 KB)
TEST_START: matches (integration) / play crate_relay to completion
[INF][Replay] saved replay 1791442327_c795f3edc297f6d82669a029af48fe2d (5.0s, 19.4 KB)
TEST_START: matches (integration) / play hurdle_dash to completion
[INF][Replay] saved replay 1791442327_dc0d2641d0a3596bd501971e28083acb (5.0s, 19.5 KB)
TEST_START: matches (integration) / play kart_sprint to completion
[INF][Replay] saved replay 1791442329_eb8f73a78998ca3a8f00c1da1310f383 (33.4s, 124.2 KB)
TEST_START: matches (integration) / play color_stand to completion
[INF][Replay] saved replay 1791442329_c7ad116f932c3731493a737b0a933b35 (5.0s, 19.5 KB)
TEST_START: matches (integration) / play symbol_echo to completion
[INF][Replay] saved replay 1791442329_376858dc32d401ccb0eb0d9291d959ca (5.0s, 19.5 KB)
TEST_START: matches (integration) / play quick_draw to completion
[INF][Replay] saved replay 1791442330_a8d9c2ab5d72d5d1cbef2c259705d68c (5.0s, 19.5 KB)
TEST_START: matches (integration) / play rising_tide to completion
[INF][Replay] saved replay 1791442331_b47fbda8679c5de2d89cbf1a7a465837 (8.5s, 32.2 KB)
TEST_START: matches (integration) / play sweeper_storm to completion
[INF][Replay] saved replay 1791442332_a07f3edb890b392870bde865182ec0ed (12.3s, 46.2 KB)
TEST_START: matches (integration) / play duel_pit to completion
[INF][Replay] saved replay 1791442335_009a946e08bdede5c26172537e79d97a (35.0s, 130.3 KB)
TEST_START: matches (integration) / play boss_forge to completion
[INF][Replay] saved replay 1791442335_73515816239b1d0df6497951c84dfe3a (5.0s, 19.5 KB)
TEST_START: matches (integration) / play boss_colossus to completion
[INF][Replay] saved replay 1791442336_a4faf1f2df57af1a5f67aa5167d5fd65 (5.0s, 19.5 KB)
TEST_START: matches (integration) / play boss_dreadnought to completion
[INF][Replay] saved replay 1791442336_f06852c2945a739a7da552f2969624d6 (5.0s, 19.5 KB)
TEST_START: matches (integration) / play boss_sovereign to completion
[INF][Replay] saved replay 1791442336_ce4cf794df801229eb9575aa1f2c85a2 (5.0s, 19.6 KB)
TEST_START: matches (integration) / play sabaq_sawarikh to completion
[INF][Replay] saved replay 1791442344_c346ef4fb41b68347b842ac74568a72b (130.4s, 482.8 KB)
TEST_START: matches (integration) / play relic_hold to completion
[INF][Replay] saved replay 1791442345_849cf05cdf52793c0e3efe2226f91697 (5.0s, 19.4 KB)
TEST_START: matches (integration) / play tag_hunt to completion
[INF][Replay] saved replay 1791442346_43a8bee0ea5a545b9d83d862d58b3459 (35.0s, 130.3 KB)
TEST_START: matches (integration) / play base_siege to completion
[INF][Replay] saved replay 1791442346_f236e7df5eb67f3a856bed4064dbb1a3 (5.0s, 19.6 KB)
TEST_START: matches (integration) / play drift_floes to completion
[INF][Replay] saved replay 1791442346_3036306e4d2f28e0227a5bbaa4eec78e (10.7s, 40.5 KB)
TEST_START: matches (integration) / play duo_clash to completion
[INF][Replay] saved replay 1791442347_280d8d8fc68aa9683db1b92e83dd6c71 (35.0s, 130.3 KB)
TEST_START: matches (integration) / three-round match aggregates correctly
[INF][Replay] saved replay 1791442348_2933861ea083b754312040dacbc82f84 (45.1s, 168.8 KB)
TEST_START: matches (integration) / pause halts the clock, restart replays the round, quit is clean
TEST_START: matches (integration) / losing a controller pauses instead of stranding the player
TEST_START: matches (integration) / expert AI out-scores easy AI in gem_grab
[INF][Replay] saved replay 1791442349_5db8995fd7334d9e5437a223454c19c6 (30.0s, 111.8 KB)
DIFFICULTY_SAMPLE game=gem_grab seed=100 expert_first=true expert=16 easy=4
[INF][Replay] saved replay 1791442350_47012f40c37b57db00ff15b8dbf7b1b0 (30.0s, 111.7 KB)
DIFFICULTY_SAMPLE game=gem_grab seed=100 expert_first=false expert=11 easy=5
[INF][Replay] saved replay 1791442351_62d8215af42e8cc9683261030c156e6b (30.0s, 111.9 KB)
DIFFICULTY_SAMPLE game=gem_grab seed=137 expert_first=true expert=19 easy=4
[INF][Replay] saved replay 1791442352_9d50c460d13c9a44a87779bcc18e0454 (30.0s, 111.7 KB)
DIFFICULTY_SAMPLE game=gem_grab seed=137 expert_first=false expert=14 easy=8
[INF][Replay] saved replay 1791442353_7898f4d529b84beef68051e01e9f9cdd (30.0s, 111.7 KB)
DIFFICULTY_SAMPLE game=gem_grab seed=174 expert_first=true expert=14 easy=6
[INF][Replay] saved replay 1791442354_aa3aba23ff34d7639911bb0c0686dd11 (30.0s, 111.7 KB)
DIFFICULTY_SAMPLE game=gem_grab seed=174 expert_first=false expert=19 easy=2
[INF][Replay] saved replay 1791442355_adee12c6d0cf0dbdebf2b600ac0b376e (30.0s, 111.9 KB)
DIFFICULTY_SAMPLE game=gem_grab seed=211 expert_first=true expert=21 easy=4
[INF][Replay] saved replay 1791442357_8d4136e68d3ef595c290d233171a6ff1 (60.0s, 222.7 KB)
DIFFICULTY_SAMPLE game=gem_grab seed=211 expert_first=false expert=10 easy=5
[INF][Replay] saved replay 1791442358_8c290c891b4a14bcf6adebd1740ebf7b (30.0s, 111.8 KB)
DIFFICULTY_SAMPLE game=gem_grab seed=248 expert_first=true expert=11 easy=4
[INF][Replay] saved replay 1791442359_d54ef10c779c8ce5be229b765038c3c5 (30.0s, 111.8 KB)
DIFFICULTY_SAMPLE game=gem_grab seed=248 expert_first=false expert=12 easy=8
[INF][Replay] saved replay 1791442360_22712e99ade3ee45e12a3c8585c39cb5 (30.0s, 111.8 KB)
DIFFICULTY_SAMPLE game=gem_grab seed=285 expert_first=true expert=14 easy=5
[INF][Replay] saved replay 1791442360_5877d71c148b7a8a980d57a1b3023f6b (30.0s, 111.8 KB)
DIFFICULTY_SAMPLE game=gem_grab seed=285 expert_first=false expert=15 easy=7
[INF][Replay] saved replay 1791442361_24f156501ac5c0a7daaa6769fd9dda87 (30.0s, 111.9 KB)
DIFFICULTY_SAMPLE game=gem_grab seed=322 expert_first=true expert=15 easy=4
[INF][Replay] saved replay 1791442362_b6cd8d269a2591be1163068114da0f06 (30.0s, 111.7 KB)
DIFFICULTY_SAMPLE game=gem_grab seed=322 expert_first=false expert=15 easy=5
[INF][Replay] saved replay 1791442363_ce193208ad2502d9396fde845575e797 (30.0s, 111.8 KB)
DIFFICULTY_SAMPLE game=gem_grab seed=359 expert_first=true expert=14 easy=5
[INF][Replay] saved replay 1791442364_40fa5dd2781cd0ce5ceb2519b34c7d83 (30.0s, 111.8 KB)
DIFFICULTY_SAMPLE game=gem_grab seed=359 expert_first=false expert=16 easy=6
TEST_START: matches (integration) / expert AI out-scores easy AI in crate_smash
[INF][Replay] saved replay 1791442365_f049385ef5e392680071e1127a1dde4e (30.0s, 111.8 KB)
DIFFICULTY_SAMPLE game=crate_smash seed=100 expert_first=true expert=52 easy=8
[INF][Replay] saved replay 1791442366_942a69856671f8793e0db06e6478981b (30.0s, 111.8 KB)
DIFFICULTY_SAMPLE game=crate_smash seed=100 expert_first=false expert=52 easy=5
[INF][Replay] saved replay 1791442367_15a54471895d13fc5b6f23ba395de809 (30.0s, 111.7 KB)
DIFFICULTY_SAMPLE game=crate_smash seed=137 expert_first=true expert=42 easy=0
[INF][Replay] saved replay 1791442368_1b2224ce26dc289d857c061f122a3849 (30.0s, 111.8 KB)
DIFFICULTY_SAMPLE game=crate_smash seed=137 expert_first=false expert=47 easy=0
[INF][Replay] saved replay 1791442369_642163a84d9bab64fc8e8dde0de61086 (30.0s, 111.8 KB)
DIFFICULTY_SAMPLE game=crate_smash seed=174 expert_first=true expert=55 easy=8
[INF][Replay] saved replay 1791442369_e65811b67d2822b21ae450b5758a1e74 (30.0s, 111.7 KB)
DIFFICULTY_SAMPLE game=crate_smash seed=174 expert_first=false expert=62 easy=0
[INF][Replay] saved replay 1791442370_e427bcbd14348326282401dd285e1972 (30.0s, 111.8 KB)
DIFFICULTY_SAMPLE game=crate_smash seed=211 expert_first=true expert=38 easy=0
[INF][Replay] saved replay 1791442371_fd85e9cd6a9c81720eb680b84060321a (30.0s, 111.7 KB)
DIFFICULTY_SAMPLE game=crate_smash seed=211 expert_first=false expert=51 easy=4
[INF][Replay] saved replay 1791442372_a0c14b84a3ff6f3153522e3f002019cc (30.0s, 111.8 KB)
DIFFICULTY_SAMPLE game=crate_smash seed=248 expert_first=true expert=45 easy=4
[INF][Replay] saved replay 1791442373_66b19ab7c1261f02ee409661972db612 (30.0s, 111.7 KB)
DIFFICULTY_SAMPLE game=crate_smash seed=248 expert_first=false expert=59 easy=2
[INF][Replay] saved replay 1791442376_ee46386f8017048a83c6a3fdc83031a3 (60.0s, 222.7 KB)
DIFFICULTY_SAMPLE game=crate_smash seed=285 expert_first=true expert=91 easy=1
[INF][Replay] saved replay 1791442377_bfcd357c042fe3675ec5e58cbc938107 (30.0s, 111.8 KB)
DIFFICULTY_SAMPLE game=crate_smash seed=285 expert_first=false expert=40 easy=11
[INF][Replay] saved replay 1791442378_87eb12db14e53b29c731b8ad4f2c8bfa (30.0s, 111.8 KB)
DIFFICULTY_SAMPLE game=crate_smash seed=322 expert_first=true expert=56 easy=2
[INF][Replay] saved replay 1791442379_20b326ca12fe9fa4e96bcaa9de50f225 (30.0s, 111.8 KB)
DIFFICULTY_SAMPLE game=crate_smash seed=322 expert_first=false expert=60 easy=3
[INF][Replay] saved replay 1791442381_67ee86b40d498612d7f5a3115d5dc335 (30.0s, 111.8 KB)
DIFFICULTY_SAMPLE game=crate_smash seed=359 expert_first=true expert=45 easy=12
[INF][Replay] saved replay 1791442382_44908f6852ad36293e751e9820471270 (30.0s, 111.7 KB)
DIFFICULTY_SAMPLE game=crate_smash seed=359 expert_first=false expert=53 easy=6
TEST_START: matches (integration) / Rocket Rally: crossing the line ends your involvement
TEST_START: matches (integration) / Ring Rumble: arctic bombs dismount before the next hit lands
TEST_START: matches (integration) / tank battle armor, elimination, cover and round reset on all maps
TEST_START: matches (integration) / fantasy circuits have continuous elevated driveable roads
TEST_START: matches (integration) / races end at the selected finish line, never on a countdown
TEST_START: matches (integration) / race rescue costs time without granting checkpoint progress
TEST_START: matches (integration) / three real AI laps finish on dune_circuit without a countdown
[INF][Replay] saved replay 1791442403_92134a7a8878ffbaad0efbd78da48c83 (130.4s, 482.8 KB)
TEST_START: matches (integration) / three real AI laps finish on neon_spiral without a countdown
[INF][Replay] saved replay 1791442415_4f3942e982c4002be2276d0c134fcf83 (145.3s, 537.9 KB)
TEST_START: matches (integration) / three real AI laps finish on frost_hairpin without a countdown
[INF][Replay] saved replay 1791442425_b10ca28d246f19bc2be044158b9dcca8 (128.0s, 473.7 KB)
TEST_START: matches (integration) / three real AI laps finish on magma_ring without a countdown
[INF][Replay] saved replay 1791442437_eb714bd00ed4e438d0cf6b3e62bc7008 (143.6s, 531.5 KB)
TEST_START: matches (integration) / three real AI laps finish on sky_causeway without a countdown
[INF][Replay] saved replay 1791442451_f7c7b8b23a19603fa5af8ade3f7defae (156.3s, 578.5 KB)
TEST_START: matches (integration) / three real AI laps finish on alula_rain without a countdown
[INF][Replay] saved replay 1791442461_db92f1987c12887fe104a5410ee3acfa (153.4s, 567.6 KB)
TEST_START: matches (integration) / three real AI laps finish on sinbad_coast without a countdown
[INF][Replay] saved replay 1791442470_2b9165aa6340c300a51b143c3ac81369 (164.8s, 610.0 KB)
TEST_START: matches (integration) / three real AI laps finish on pharaoh_valley without a countdown
[INF][Replay] saved replay 1791442479_83ea54e55ad34b0ea2205b3e27daa9bd (168.0s, 621.9 KB)

── boss round reset ────────────────────────────────────────────
TEST_START: boss round reset / boss_forge restores defeated and interrupted rounds
TEST_START: boss round reset / boss_forge credits applied damage and rejects invalid hits
TEST_START: boss round reset / boss_forge delivers objective outcome through real completion
TEST_START: boss round reset / boss_colossus restores defeated and interrupted rounds
TEST_START: boss round reset / boss_colossus credits applied damage and rejects invalid hits
TEST_START: boss round reset / boss_colossus delivers objective outcome through real completion
TEST_START: boss round reset / boss_dreadnought restores defeated and interrupted rounds
TEST_START: boss round reset / boss_dreadnought credits applied damage and rejects invalid hits
TEST_START: boss round reset / boss_dreadnought delivers objective outcome through real completion
TEST_START: boss round reset / boss_sovereign restores defeated and interrupted rounds
TEST_START: boss round reset / boss_sovereign credits applied damage and rejects invalid hits
TEST_START: boss round reset / boss_sovereign delivers objective outcome through real completion

── cooperative bosses retain individual contribution scoring ────

── sovereign final phase remains winnable ──────────────────────

── sovereign targets active fighters on reachable ground ───────

── forge network presentation ──────────────────────────────────

── dreadnought network presentation ────────────────────────────

── sovereign network presentation ──────────────────────────────

── colossus network carved presentation ────────────────────────

── colossus targets playable ground rather than airborne height ────

── shrinking arena ejection ────────────────────────────────────

── body contacts expire after their physics tick ───────────────

── colossus respawns do not overlap active bodies ──────────────

── forge visible feeding geometry ──────────────────────────────

── forge feeding perception ────────────────────────────────────

── color call reaction clock ───────────────────────────────────

── quick draw lifecycle ────────────────────────────────────────
TEST_START: quick draw lifecycle / tournament decider ends on the first scored signal, without slot bias
TEST_START: quick draw lifecycle / first-response result completes the remapped tournament through the match lifecycle

── symbol echo lifecycle ───────────────────────────────────────

── crate round lifecycle ───────────────────────────────────────

── relay pickup and round lifecycle ────────────────────────────

── relay physical floor and cargo recovery ─────────────────────

── crater physical floor ───────────────────────────────────────

── conservative crater clipping bounds ─────────────────────────
CRATER BOUNDS: considered=128 retained=52
CRATER REBUILD: filtered=false median_usec=6712
CRATER REBUILD: filtered=true median_usec=2700

── colossus visible safe attack approach ───────────────────────
TEST_START: colossus visible safe attack approach / published dash input respects the entire carved-ground segment

── boss visible warning reaction delay ─────────────────────────

── boss weak point perception ──────────────────────────────────

── colossus network input simulation clock ─────────────────────

── hurdle boundaries and finish lifecycle ──────────────────────

── runner contact jump recovery ────────────────────────────────

── hurdle network presentation ─────────────────────────────────

── survival hazard round reset ─────────────────────────────────

── tide network presentation ───────────────────────────────────

── tide simultaneous elimination ───────────────────────────────

── sweeper network presentation ────────────────────────────────

── sweeper physical impact direction ───────────────────────────

── dodger delayed visible arm motion ───────────────────────────
TEST_START: dodger delayed visible arm motion / arrival relative to own observable movement

── arena respawn scoring ───────────────────────────────────────

── duel network presentation ───────────────────────────────────

── duo network presentation ────────────────────────────────────

── moving floe lifecycle ───────────────────────────────────────

── moving floe network presentation ────────────────────────────

── turret rounds and protected projectile hits ─────────────────

── turret network presentation ─────────────────────────────────

── tank network presentation ───────────────────────────────────

── tank terrain collision ownership ────────────────────────────

── scrap network presentation ──────────────────────────────────

── siege network presentation ──────────────────────────────────

── siege final evidence ────────────────────────────────────────

── AI visible targets ──────────────────────────────────────────
TEST_START: AI visible targets / equal visible leaders do not always target the lowest player ID
TEST_START: AI visible targets / equal nearby rivals do not always select the lowest player ID

── AI compound visual cues ─────────────────────────────────────

── AI world occlusion ──────────────────────────────────────────

── collector delayed competition cues ──────────────────────────

── race smoke budget ───────────────────────────────────────────

── natural lab network qualification ───────────────────────────

── fawda bomb presentation ─────────────────────────────────────

── read-only fawda round evidence ──────────────────────────────

── natural fawda final evidence ────────────────────────────────

── race round reset ────────────────────────────────────────────

── kart network presentation ───────────────────────────────────

── armed race network presentation ─────────────────────────────

── bumper network presentation ─────────────────────────────────

── crate network presentation ──────────────────────────────────

── echo observed memory ────────────────────────────────────────

── echo network presentation ───────────────────────────────────

── draw network presentation ───────────────────────────────────

── goal guard ──────────────────────────────────────────────────
TEST_START: goal guard / shield control, fast interception, scoring and restart
TEST_START: goal guard / keepers predict crossing from observed trajectory on all four sides
TEST_START: goal guard / host ball snapshots render without guest scoring or simulation

── magnet network ──────────────────────────────────────────────

── storm network ───────────────────────────────────────────────

── sky court ───────────────────────────────────────────────────

── sky network ─────────────────────────────────────────────────

── arena tiles ─────────────────────────────────────────────────

── crumble network ─────────────────────────────────────────────

── color network presentation ──────────────────────────────────

── blast ball lifecycle ────────────────────────────────────────

── collection network ──────────────────────────────────────────
TEST_START: collection network / gem_hollow gems remain above actual island surfaces
TEST_START: collection network / glass_terrace gems remain above actual island surfaces
TEST_START: collection network / gem_hollow fanoos island 0 walking out
TEST_START: collection network / gem_hollow fanoos island 0 walking back
TEST_START: collection network / gem_hollow fanoos island 1 walking out
TEST_START: collection network / gem_hollow fanoos island 1 walking back
TEST_START: collection network / gem_hollow fanoos island 2 walking out
TEST_START: collection network / gem_hollow fanoos island 2 walking back
TEST_START: collection network / gem_hollow fanoos island 3 walking out
TEST_START: collection network / gem_hollow fanoos island 3 walking back
TEST_START: collection network / gem_hollow fanoos island 4 walking out
TEST_START: collection network / gem_hollow fanoos island 4 walking back
TEST_START: collection network / gem_hollow nabta island 0 walking out
TEST_START: collection network / gem_hollow nabta island 0 walking back
TEST_START: collection network / gem_hollow nabta island 1 walking out
TEST_START: collection network / gem_hollow nabta island 1 walking back
TEST_START: collection network / gem_hollow nabta island 2 walking out
TEST_START: collection network / gem_hollow nabta island 2 walking back
TEST_START: collection network / gem_hollow nabta island 3 walking out
TEST_START: collection network / gem_hollow nabta island 3 walking back
TEST_START: collection network / gem_hollow nabta island 4 walking out
TEST_START: collection network / gem_hollow nabta island 4 walking back
TEST_START: collection network / gem_hollow ramla island 0 walking out
TEST_START: collection network / gem_hollow ramla island 0 walking back
TEST_START: collection network / gem_hollow ramla island 1 walking out
TEST_START: collection network / gem_hollow ramla island 1 walking back
TEST_START: collection network / gem_hollow ramla island 2 walking out
TEST_START: collection network / gem_hollow ramla island 2 walking back
TEST_START: collection network / gem_hollow ramla island 3 walking out
TEST_START: collection network / gem_hollow ramla island 3 walking back
TEST_START: collection network / gem_hollow ramla island 4 walking out
TEST_START: collection network / gem_hollow ramla island 4 walking back
TEST_START: collection network / gem_hollow sakhra island 0 walking out
TEST_START: collection network / gem_hollow sakhra island 0 walking back
TEST_START: collection network / gem_hollow sakhra island 1 walking out
TEST_START: collection network / gem_hollow sakhra island 1 walking back
TEST_START: collection network / gem_hollow sakhra island 2 walking out
TEST_START: collection network / gem_hollow sakhra island 2 walking back
TEST_START: collection network / gem_hollow sakhra island 3 walking out
TEST_START: collection network / gem_hollow sakhra island 3 walking back
TEST_START: collection network / gem_hollow sakhra island 4 walking out
TEST_START: collection network / gem_hollow sakhra island 4 walking back
TEST_START: collection network / gem_hollow barq island 0 walking out
TEST_START: collection network / gem_hollow barq island 0 walking back
TEST_START: collection network / gem_hollow barq island 1 walking out
TEST_START: collection network / gem_hollow barq island 1 walking back
TEST_START: collection network / gem_hollow barq island 2 walking out
TEST_START: collection network / gem_hollow barq island 2 walking back
TEST_START: collection network / gem_hollow barq island 3 walking out
TEST_START: collection network / gem_hollow barq island 3 walking back
TEST_START: collection network / gem_hollow barq island 4 walking out
TEST_START: collection network / gem_hollow barq island 4 walking back
TEST_START: collection network / gem_hollow mowja island 0 walking out
TEST_START: collection network / gem_hollow mowja island 0 walking back
TEST_START: collection network / gem_hollow mowja island 1 walking out
TEST_START: collection network / gem_hollow mowja island 1 walking back
TEST_START: collection network / gem_hollow mowja island 2 walking out
TEST_START: collection network / gem_hollow mowja island 2 walking back
TEST_START: collection network / gem_hollow mowja island 3 walking out
TEST_START: collection network / gem_hollow mowja island 3 walking back
TEST_START: collection network / gem_hollow mowja island 4 walking out
TEST_START: collection network / gem_hollow mowja island 4 walking back
TEST_START: collection network / gem_hollow ghaim island 0 walking out
TEST_START: collection network / gem_hollow ghaim island 0 walking back
TEST_START: collection network / gem_hollow ghaim island 1 walking out
TEST_START: collection network / gem_hollow ghaim island 1 walking back
TEST_START: collection network / gem_hollow ghaim island 2 walking out
TEST_START: collection network / gem_hollow ghaim island 2 walking back
TEST_START: collection network / gem_hollow ghaim island 3 walking out
TEST_START: collection network / gem_hollow ghaim island 3 walking back
TEST_START: collection network / gem_hollow ghaim island 4 walking out
TEST_START: collection network / gem_hollow ghaim island 4 walking back
TEST_START: collection network / gem_hollow turs island 0 walking out
TEST_START: collection network / gem_hollow turs island 0 walking back
TEST_START: collection network / gem_hollow turs island 1 walking out
TEST_START: collection network / gem_hollow turs island 1 walking back
TEST_START: collection network / gem_hollow turs island 2 walking out
TEST_START: collection network / gem_hollow turs island 2 walking back
TEST_START: collection network / gem_hollow turs island 3 walking out
TEST_START: collection network / gem_hollow turs island 3 walking back
TEST_START: collection network / gem_hollow turs island 4 walking out
TEST_START: collection network / gem_hollow turs island 4 walking back
TEST_START: collection network / glass_terrace fanoos island 0 walking out
TEST_START: collection network / glass_terrace fanoos island 0 walking back
TEST_START: collection network / glass_terrace fanoos island 1 walking out
TEST_START: collection network / glass_terrace fanoos island 1 walking back
TEST_START: collection network / glass_terrace fanoos island 2 walking out
TEST_START: collection network / glass_terrace fanoos island 2 walking back
TEST_START: collection network / glass_terrace fanoos island 3 walking out
TEST_START: collection network / glass_terrace fanoos island 3 walking back
TEST_START: collection network / glass_terrace fanoos island 4 walking out
TEST_START: collection network / glass_terrace fanoos island 4 walking back
TEST_START: collection network / glass_terrace nabta island 0 walking out
TEST_START: collection network / glass_terrace nabta island 0 walking back
TEST_START: collection network / glass_terrace nabta island 1 walking out
TEST_START: collection network / glass_terrace nabta island 1 walking back
TEST_START: collection network / glass_terrace nabta island 2 walking out
TEST_START: collection network / glass_terrace nabta island 2 walking back
TEST_START: collection network / glass_terrace nabta island 3 walking out
TEST_START: collection network / glass_terrace nabta island 3 walking back
TEST_START: collection network / glass_terrace nabta island 4 walking out
TEST_START: collection network / glass_terrace nabta island 4 walking back
TEST_START: collection network / glass_terrace ramla island 0 walking out
TEST_START: collection network / glass_terrace ramla island 0 walking back
TEST_START: collection network / glass_terrace ramla island 1 walking out
TEST_START: collection network / glass_terrace ramla island 1 walking back
TEST_START: collection network / glass_terrace ramla island 2 walking out
TEST_START: collection network / glass_terrace ramla island 2 walking back
TEST_START: collection network / glass_terrace ramla island 3 walking out
TEST_START: collection network / glass_terrace ramla island 3 walking back
TEST_START: collection network / glass_terrace ramla island 4 walking out
TEST_START: collection network / glass_terrace ramla island 4 walking back
TEST_START: collection network / glass_terrace sakhra island 0 walking out
TEST_START: collection network / glass_terrace sakhra island 0 walking back
TEST_START: collection network / glass_terrace sakhra island 1 walking out
TEST_START: collection network / glass_terrace sakhra island 1 walking back
TEST_START: collection network / glass_terrace sakhra island 2 walking out
TEST_START: collection network / glass_terrace sakhra island 2 walking back
TEST_START: collection network / glass_terrace sakhra island 3 walking out
TEST_START: collection network / glass_terrace sakhra island 3 walking back
TEST_START: collection network / glass_terrace sakhra island 4 walking out
TEST_START: collection network / glass_terrace sakhra island 4 walking back
TEST_START: collection network / glass_terrace barq island 0 walking out
TEST_START: collection network / glass_terrace barq island 0 walking back
TEST_START: collection network / glass_terrace barq island 1 walking out
TEST_START: collection network / glass_terrace barq island 1 walking back
TEST_START: collection network / glass_terrace barq island 2 walking out
TEST_START: collection network / glass_terrace barq island 2 walking back
TEST_START: collection network / glass_terrace barq island 3 walking out
TEST_START: collection network / glass_terrace barq island 3 walking back
TEST_START: collection network / glass_terrace barq island 4 walking out
TEST_START: collection network / glass_terrace barq island 4 walking back
TEST_START: collection network / glass_terrace mowja island 0 walking out
TEST_START: collection network / glass_terrace mowja island 0 walking back
TEST_START: collection network / glass_terrace mowja island 1 walking out
TEST_START: collection network / glass_terrace mowja island 1 walking back
TEST_START: collection network / glass_terrace mowja island 2 walking out
TEST_START: collection network / glass_terrace mowja island 2 walking back
TEST_START: collection network / glass_terrace mowja island 3 walking out
TEST_START: collection network / glass_terrace mowja island 3 walking back
TEST_START: collection network / glass_terrace mowja island 4 walking out
TEST_START: collection network / glass_terrace mowja island 4 walking back
TEST_START: collection network / glass_terrace ghaim island 0 walking out
TEST_START: collection network / glass_terrace ghaim island 0 walking back
TEST_START: collection network / glass_terrace ghaim island 1 walking out
TEST_START: collection network / glass_terrace ghaim island 1 walking back
TEST_START: collection network / glass_terrace ghaim island 2 walking out
TEST_START: collection network / glass_terrace ghaim island 2 walking back
TEST_START: collection network / glass_terrace ghaim island 3 walking out
TEST_START: collection network / glass_terrace ghaim island 3 walking back
TEST_START: collection network / glass_terrace ghaim island 4 walking out
TEST_START: collection network / glass_terrace ghaim island 4 walking back
TEST_START: collection network / glass_terrace turs island 0 walking out
TEST_START: collection network / glass_terrace turs island 0 walking back
TEST_START: collection network / glass_terrace turs island 1 walking out
TEST_START: collection network / glass_terrace turs island 1 walking back
TEST_START: collection network / glass_terrace turs island 2 walking out
TEST_START: collection network / glass_terrace turs island 2 walking back
TEST_START: collection network / glass_terrace turs island 3 walking out
TEST_START: collection network / glass_terrace turs island 3 walking back
TEST_START: collection network / glass_terrace turs island 4 walking out
TEST_START: collection network / glass_terrace turs island 4 walking back
TEST_START: collection network / gem_hollow fanoos routing island 0
TEST_START: collection network / gem_hollow fanoos routing island 1
TEST_START: collection network / gem_hollow fanoos routing island 2
TEST_START: collection network / gem_hollow fanoos routing island 3
TEST_START: collection network / gem_hollow fanoos routing island 4
TEST_START: collection network / gem_hollow nabta routing island 0
TEST_START: collection network / gem_hollow nabta routing island 1
TEST_START: collection network / gem_hollow nabta routing island 2
TEST_START: collection network / gem_hollow nabta routing island 3
TEST_START: collection network / gem_hollow nabta routing island 4
TEST_START: collection network / gem_hollow ramla routing island 0
TEST_START: collection network / gem_hollow ramla routing island 1
TEST_START: collection network / gem_hollow ramla routing island 2
TEST_START: collection network / gem_hollow ramla routing island 3
TEST_START: collection network / gem_hollow ramla routing island 4
TEST_START: collection network / gem_hollow sakhra routing island 0
TEST_START: collection network / gem_hollow sakhra routing island 1
TEST_START: collection network / gem_hollow sakhra routing island 2
TEST_START: collection network / gem_hollow sakhra routing island 3
TEST_START: collection network / gem_hollow sakhra routing island 4
TEST_START: collection network / gem_hollow barq routing island 0
TEST_START: collection network / gem_hollow barq routing island 1
TEST_START: collection network / gem_hollow barq routing island 2
TEST_START: collection network / gem_hollow barq routing island 3
TEST_START: collection network / gem_hollow barq routing island 4
TEST_START: collection network / gem_hollow mowja routing island 0
TEST_START: collection network / gem_hollow mowja routing island 1
TEST_START: collection network / gem_hollow mowja routing island 2
TEST_START: collection network / gem_hollow mowja routing island 3
TEST_START: collection network / gem_hollow mowja routing island 4
TEST_START: collection network / gem_hollow ghaim routing island 0
TEST_START: collection network / gem_hollow ghaim routing island 1
TEST_START: collection network / gem_hollow ghaim routing island 2
TEST_START: collection network / gem_hollow ghaim routing island 3
TEST_START: collection network / gem_hollow ghaim routing island 4
TEST_START: collection network / gem_hollow turs routing island 0
TEST_START: collection network / gem_hollow turs routing island 1
TEST_START: collection network / gem_hollow turs routing island 2
TEST_START: collection network / gem_hollow turs routing island 3
TEST_START: collection network / gem_hollow turs routing island 4
TEST_START: collection network / glass_terrace fanoos routing island 0
TEST_START: collection network / glass_terrace fanoos routing island 1
TEST_START: collection network / glass_terrace fanoos routing island 2
TEST_START: collection network / glass_terrace fanoos routing island 3
TEST_START: collection network / glass_terrace fanoos routing island 4
TEST_START: collection network / glass_terrace nabta routing island 0
TEST_START: collection network / glass_terrace nabta routing island 1
TEST_START: collection network / glass_terrace nabta routing island 2
TEST_START: collection network / glass_terrace nabta routing island 3
TEST_START: collection network / glass_terrace nabta routing island 4
TEST_START: collection network / glass_terrace ramla routing island 0
TEST_START: collection network / glass_terrace ramla routing island 1
TEST_START: collection network / glass_terrace ramla routing island 2
TEST_START: collection network / glass_terrace ramla routing island 3
TEST_START: collection network / glass_terrace ramla routing island 4
TEST_START: collection network / glass_terrace sakhra routing island 0
TEST_START: collection network / glass_terrace sakhra routing island 1
TEST_START: collection network / glass_terrace sakhra routing island 2
TEST_START: collection network / glass_terrace sakhra routing island 3
TEST_START: collection network / glass_terrace sakhra routing island 4
TEST_START: collection network / glass_terrace barq routing island 0
TEST_START: collection network / glass_terrace barq routing island 1
TEST_START: collection network / glass_terrace barq routing island 2
TEST_START: collection network / glass_terrace barq routing island 3
TEST_START: collection network / glass_terrace barq routing island 4
TEST_START: collection network / glass_terrace mowja routing island 0
TEST_START: collection network / glass_terrace mowja routing island 1
TEST_START: collection network / glass_terrace mowja routing island 2
TEST_START: collection network / glass_terrace mowja routing island 3
TEST_START: collection network / glass_terrace mowja routing island 4
TEST_START: collection network / glass_terrace ghaim routing island 0
TEST_START: collection network / glass_terrace ghaim routing island 1
TEST_START: collection network / glass_terrace ghaim routing island 2
TEST_START: collection network / glass_terrace ghaim routing island 3
TEST_START: collection network / glass_terrace ghaim routing island 4
TEST_START: collection network / glass_terrace turs routing island 0
TEST_START: collection network / glass_terrace turs routing island 1
TEST_START: collection network / glass_terrace turs routing island 2
TEST_START: collection network / glass_terrace turs routing island 3
TEST_START: collection network / glass_terrace turs routing island 4
TEST_START: collection network / gem_grab host-owned pickups and carrying
TEST_START: collection network / star_rush host-owned pickups and carrying
TEST_START: collection network / crate_relay host-owned pickups and carrying
TEST_START: collection network / bounded collection payload

── zone hold ───────────────────────────────────────────────────

── relic hold ──────────────────────────────────────────────────

── tag network ─────────────────────────────────────────────────

── paint reset ─────────────────────────────────────────────────

── paint network ───────────────────────────────────────────────

── saboteur network ────────────────────────────────────────────

── race conditions ─────────────────────────────────────────────
TEST_START: race conditions / timer hitting zero and a KO landing on the same tick end the match exactly once
TEST_START: race conditions / a controller disconnecting the instant the round ends does not force a pause into a dead phase
TEST_START: race conditions / a device lost during sudden death pauses just like it does during regular play
TEST_START: race conditions / a manual pause and a device loss landing on the same tick do not leave two pause menus

── lifecycle ───────────────────────────────────────────────────
TEST_START: lifecycle / backgrounding flushes the save exactly once and toggles is_backgrounded
[DBG][Platform] app backgrounded
[DBG][Platform] app foregrounded
TEST_START: lifecycle / a live match pauses itself on Platform's real background signal, and does not silently resume on foreground
[DBG][Platform] app backgrounded
[DBG][Platform] app foregrounded
TEST_START: lifecycle / match completion preserves interrupted round eligibility
TEST_START: lifecycle / teardown stops live callbacks before draining pools and is idempotent

── AI jump requests on actual floor ────────────────────────────
JUMP_CONTRACT tier=0 edges=57 jumps=7 landings=7 position=(1000.0, 1.330461, 999.0209)
JUMP_CONTRACT tier=1 edges=57 jumps=7 landings=7 position=(1000.0, 1.330461, 999.0209)
JUMP_CONTRACT tier=2 edges=57 jumps=7 landings=7 position=(1000.0, 1.330461, 999.0209)
JUMP_CONTRACT tier=3 edges=57 jumps=7 landings=7 position=(1000.0, 1.330461, 999.0209)

finished in 297.8s

════════════════════════════════════════════════════════════════
ALL TESTS PASSED — 392165 assertions
════════════════════════════════════════════════════════════════
WARNING: 1 ObjectDB instance was leaked at exit (run with `--verbose` for details).
   at: cleanup (core/object/object.cpp:2536)
